POAM ID,Control,Title,Deployment profile,Status,Practices,Weakness / remaining work,Owner,Owner lane,Scheduled completion
OG-AU-001-air-gapped,OG-AU-001,Audit records are created for security-relevant operations and retained,air-gapped,Partially implemented,03.03.01,"PARTIAL for two measured reasons, not as a hedge. The middleware captures 18 hardcoded route templates (`SENSITIVE_OPERATIONS`) out of ~546 operations, and request/response bodies are never captured — `_get_request_body` is a documented no-op because reading the stream would consume it. Explicit `record_audit` writers cover ~38 further actions. No retention period is defined for `audit_logs` and nothing purges or archives it.",platform-security,hamad,2026-11-30
OG-AU-001-commercial-cloud,OG-AU-001,Audit records are created for security-relevant operations and retained,commercial-cloud,Partially implemented,03.03.01,"PARTIAL for two measured reasons, not as a hedge. The middleware captures 18 hardcoded route templates (`SENSITIVE_OPERATIONS`) out of ~546 operations, and request/response bodies are never captured — `_get_request_body` is a documented no-op because reading the stream would consume it. Explicit `record_audit` writers cover ~38 further actions. No retention period is defined for `audit_logs` and nothing purges or archives it.",platform-security,hamad,2026-11-30
OG-AU-001-gov-cloud,OG-AU-001,Audit records are created for security-relevant operations and retained,gov-cloud,Partially implemented,03.03.01,"PARTIAL for two measured reasons, not as a hedge. The middleware captures 18 hardcoded route templates (`SENSITIVE_OPERATIONS`) out of ~546 operations, and request/response bodies are never captured — `_get_request_body` is a documented no-op because reading the stream would consume it. Explicit `record_audit` writers cover ~38 further actions. No retention period is defined for `audit_logs` and nothing purges or archives it.",platform-security,hamad,2026-11-30
OG-AU-001-on-prem,OG-AU-001,Audit records are created for security-relevant operations and retained,on-prem,Partially implemented,03.03.01,"PARTIAL for two measured reasons, not as a hedge. The middleware captures 18 hardcoded route templates (`SENSITIVE_OPERATIONS`) out of ~546 operations, and request/response bodies are never captured — `_get_request_body` is a documented no-op because reading the stream would consume it. Explicit `record_audit` writers cover ~38 further actions. No retention period is defined for `audit_logs` and nothing purges or archives it.",platform-security,hamad,2026-11-30
OG-IR-001-air-gapped,OG-IR-001,"An incident handling capability exists — preparation, detection, analysis, containment, recovery",air-gapped,Partially implemented,03.06.01,"There are eleven runbooks, incident communication templates, and — unusually — a real worked incident: the 2026-08-15 supply-chain compromise is documented with IoCs, a restoration table, and a guard written afterwards to prevent the specific technique. That is stronger evidence of capability than an untested plan. It is PARTIAL for two reasons, and the second is uncomfortable: there is no formal Incident Response PLAN (the runbooks are recovery procedures, not a plan with roles, severity definitions and authority to declare), and **that incident is still open** — the credential used for the force-push was never identified, tokens are unrotated, and branch protection is unconfirmed. An open compromise with an unidentified credential is the first thing an assessor will read, and the date on this entry reflects that it should be closed before an assessment rather than after.",security-operations,unassigned,2026-11-30
OG-IR-001-commercial-cloud,OG-IR-001,"An incident handling capability exists — preparation, detection, analysis, containment, recovery",commercial-cloud,Partially implemented,03.06.01,"There are eleven runbooks, incident communication templates, and — unusually — a real worked incident: the 2026-08-15 supply-chain compromise is documented with IoCs, a restoration table, and a guard written afterwards to prevent the specific technique. That is stronger evidence of capability than an untested plan. It is PARTIAL for two reasons, and the second is uncomfortable: there is no formal Incident Response PLAN (the runbooks are recovery procedures, not a plan with roles, severity definitions and authority to declare), and **that incident is still open** — the credential used for the force-push was never identified, tokens are unrotated, and branch protection is unconfirmed. An open compromise with an unidentified credential is the first thing an assessor will read, and the date on this entry reflects that it should be closed before an assessment rather than after.",security-operations,unassigned,2026-11-30
OG-IR-001-gov-cloud,OG-IR-001,"An incident handling capability exists — preparation, detection, analysis, containment, recovery",gov-cloud,Partially implemented,03.06.01,"There are eleven runbooks, incident communication templates, and — unusually — a real worked incident: the 2026-08-15 supply-chain compromise is documented with IoCs, a restoration table, and a guard written afterwards to prevent the specific technique. That is stronger evidence of capability than an untested plan. It is PARTIAL for two reasons, and the second is uncomfortable: there is no formal Incident Response PLAN (the runbooks are recovery procedures, not a plan with roles, severity definitions and authority to declare), and **that incident is still open** — the credential used for the force-push was never identified, tokens are unrotated, and branch protection is unconfirmed. An open compromise with an unidentified credential is the first thing an assessor will read, and the date on this entry reflects that it should be closed before an assessment rather than after.",security-operations,unassigned,2026-11-30
OG-IR-001-on-prem,OG-IR-001,"An incident handling capability exists — preparation, detection, analysis, containment, recovery",on-prem,Partially implemented,03.06.01,"There are eleven runbooks, incident communication templates, and — unusually — a real worked incident: the 2026-08-15 supply-chain compromise is documented with IoCs, a restoration table, and a guard written afterwards to prevent the specific technique. That is stronger evidence of capability than an untested plan. It is PARTIAL for two reasons, and the second is uncomfortable: there is no formal Incident Response PLAN (the runbooks are recovery procedures, not a plan with roles, severity definitions and authority to declare), and **that incident is still open** — the credential used for the force-push was never identified, tokens are unrotated, and branch protection is unconfirmed. An open compromise with an unidentified credential is the first thing an assessor will read, and the date on this entry reflects that it should be closed before an assessment rather than after.",security-operations,unassigned,2026-11-30
OG-AC-004-air-gapped,OG-AC-004,Unsuccessful logon attempts are limited,air-gapped,Partially implemented,03.01.08,"Rate limiting is now REQUIRED in production — `validate_settings()` hard-fails at startup without it (FS-744), which closed a hole where production could run with the only brute-force control switched off and nothing would say so. Still PARTIAL because rate limiting is not lockout: there is no `failed_login_count`, no `locked_until`, and no progressive delay, so an attacker who paces below the limit is unbounded. 800-171 3.1.8 expects the account to lock.",platform-security,hamad,2026-12-31
OG-AC-004-commercial-cloud,OG-AC-004,Unsuccessful logon attempts are limited,commercial-cloud,Partially implemented,03.01.08,"Rate limiting is now REQUIRED in production — `validate_settings()` hard-fails at startup without it (FS-744), which closed a hole where production could run with the only brute-force control switched off and nothing would say so. Still PARTIAL because rate limiting is not lockout: there is no `failed_login_count`, no `locked_until`, and no progressive delay, so an attacker who paces below the limit is unbounded. 800-171 3.1.8 expects the account to lock.",platform-security,hamad,2026-12-31
OG-AC-004-gov-cloud,OG-AC-004,Unsuccessful logon attempts are limited,gov-cloud,Partially implemented,03.01.08,"Rate limiting is now REQUIRED in production — `validate_settings()` hard-fails at startup without it (FS-744), which closed a hole where production could run with the only brute-force control switched off and nothing would say so. Still PARTIAL because rate limiting is not lockout: there is no `failed_login_count`, no `locked_until`, and no progressive delay, so an attacker who paces below the limit is unbounded. 800-171 3.1.8 expects the account to lock.",platform-security,hamad,2026-12-31
OG-AC-004-on-prem,OG-AC-004,Unsuccessful logon attempts are limited,on-prem,Partially implemented,03.01.08,"Rate limiting is now REQUIRED in production — `validate_settings()` hard-fails at startup without it (FS-744), which closed a hole where production could run with the only brute-force control switched off and nothing would say so. Still PARTIAL because rate limiting is not lockout: there is no `failed_login_count`, no `locked_until`, and no progressive delay, so an attacker who paces below the limit is unbounded. 800-171 3.1.8 expects the account to lock.",platform-security,hamad,2026-12-31
OG-AU-004-air-gapped,OG-AU-004,Audit records are tamper-evident and the evidence can be verified,air-gapped,Partially implemented,03.03.08,"The chain verifies and detects mutation, deletion and forgery (FS-743). It is still PARTIAL because tamper-EVIDENCE is not tamper-RESISTANCE: `audit_logs` grants no append-only enforcement, so a role with UPDATE/DELETE can still alter rows — the chain proves it happened, it does not prevent it. Needs `REVOKE UPDATE, DELETE` and a WORM export before this is `implemented`.",platform-security,hamad,2026-12-31
OG-AU-004-commercial-cloud,OG-AU-004,Audit records are tamper-evident and the evidence can be verified,commercial-cloud,Partially implemented,03.03.08,"The chain verifies and detects mutation, deletion and forgery (FS-743). It is still PARTIAL because tamper-EVIDENCE is not tamper-RESISTANCE: `audit_logs` grants no append-only enforcement, so a role with UPDATE/DELETE can still alter rows — the chain proves it happened, it does not prevent it. Needs `REVOKE UPDATE, DELETE` and a WORM export before this is `implemented`.",platform-security,hamad,2026-12-31
OG-AU-004-gov-cloud,OG-AU-004,Audit records are tamper-evident and the evidence can be verified,gov-cloud,Partially implemented,03.03.08,"The chain verifies and detects mutation, deletion and forgery (FS-743). It is still PARTIAL because tamper-EVIDENCE is not tamper-RESISTANCE: `audit_logs` grants no append-only enforcement, so a role with UPDATE/DELETE can still alter rows — the chain proves it happened, it does not prevent it. Needs `REVOKE UPDATE, DELETE` and a WORM export before this is `implemented`.",platform-security,hamad,2026-12-31
OG-AU-004-on-prem,OG-AU-004,Audit records are tamper-evident and the evidence can be verified,on-prem,Partially implemented,03.03.08,"The chain verifies and detects mutation, deletion and forgery (FS-743). It is still PARTIAL because tamper-EVIDENCE is not tamper-RESISTANCE: `audit_logs` grants no append-only enforcement, so a role with UPDATE/DELETE can still alter rows — the chain proves it happened, it does not prevent it. Needs `REVOKE UPDATE, DELETE` and a WORM export before this is `implemented`.",platform-security,hamad,2026-12-31
OG-CA-002-air-gapped,OG-CA-002,Plans of action are developed to correct deficiencies,air-gapped,Partially implemented,03.12.02,"Every `partial` and `absent` control in this catalogue carries an owner and a dated remediation note, and a guard fails the build if one does not — so the POA&M cannot acquire an undated line, which is how a POA&M turns into a list nobody revisits. PARTIAL because the renderer that emits it as a POA&M document does not exist yet.",platform-security,hamad,2026-12-31
OG-CA-002-commercial-cloud,OG-CA-002,Plans of action are developed to correct deficiencies,commercial-cloud,Partially implemented,03.12.02,"Every `partial` and `absent` control in this catalogue carries an owner and a dated remediation note, and a guard fails the build if one does not — so the POA&M cannot acquire an undated line, which is how a POA&M turns into a list nobody revisits. PARTIAL because the renderer that emits it as a POA&M document does not exist yet.",platform-security,hamad,2026-12-31
OG-CA-002-gov-cloud,OG-CA-002,Plans of action are developed to correct deficiencies,gov-cloud,Partially implemented,03.12.02,"Every `partial` and `absent` control in this catalogue carries an owner and a dated remediation note, and a guard fails the build if one does not — so the POA&M cannot acquire an undated line, which is how a POA&M turns into a list nobody revisits. PARTIAL because the renderer that emits it as a POA&M document does not exist yet.",platform-security,hamad,2026-12-31
OG-CA-002-on-prem,OG-CA-002,Plans of action are developed to correct deficiencies,on-prem,Partially implemented,03.12.02,"Every `partial` and `absent` control in this catalogue carries an owner and a dated remediation note, and a guard fails the build if one does not — so the POA&M cannot acquire an undated line, which is how a POA&M turns into a list nobody revisits. PARTIAL because the renderer that emits it as a POA&M document does not exist yet.",platform-security,hamad,2026-12-31
OG-CM-002-air-gapped,OG-CM-002,"Changes are tracked, reviewed and approved before they take effect",air-gapped,Partially implemented,03.04.03 03.04.04 03.04.05,"23 blocking CI jobs gate every change and the count is itself asserted so it cannot go stale. RAISED 2026-08-18 (FS-763): **branch protection is now ENABLED on `main` on both remotes** — `allow_force_pushes: false`, `allow_deletions: false`, `enforce_admins: true`, one required approving review. That is what 3.4.5 (enforce access restrictions associated with change) actually asks for, and it is the line that would have stopped the 2026-08-15 force-push of all 17 branches. STILL PARTIAL, for three specific reasons rather than as a hedge. **Required status checks are not configured**: `main` reports zero check runs, so requiring a context that never arrives would make the branch permanently unmergeable — the 23 jobs gate pull requests, they do not yet gate `main` as a protection rule. **The integration branch is unprotected**, deliberately, because four lanes push to it directly and enabling it without notice stops their work. And **four accounts hold repository admin**, any of which can disable the protection just set, so least-privilege review is outstanding. What changed about the incident: the actor IS now identified — repository events show 14 branches force-pushed in 36 seconds by `SoundSafe-Dev`, mirrored to both remotes, which is machine-driven and consistent with the local automation lead rather than an external attacker. The credential still needs rotating, which is a web-session action no script can perform.",platform-infra,hamad,2026-12-31
OG-CM-002-commercial-cloud,OG-CM-002,"Changes are tracked, reviewed and approved before they take effect",commercial-cloud,Partially implemented,03.04.03 03.04.04 03.04.05,"23 blocking CI jobs gate every change and the count is itself asserted so it cannot go stale. RAISED 2026-08-18 (FS-763): **branch protection is now ENABLED on `main` on both remotes** — `allow_force_pushes: false`, `allow_deletions: false`, `enforce_admins: true`, one required approving review. That is what 3.4.5 (enforce access restrictions associated with change) actually asks for, and it is the line that would have stopped the 2026-08-15 force-push of all 17 branches. STILL PARTIAL, for three specific reasons rather than as a hedge. **Required status checks are not configured**: `main` reports zero check runs, so requiring a context that never arrives would make the branch permanently unmergeable — the 23 jobs gate pull requests, they do not yet gate `main` as a protection rule. **The integration branch is unprotected**, deliberately, because four lanes push to it directly and enabling it without notice stops their work. And **four accounts hold repository admin**, any of which can disable the protection just set, so least-privilege review is outstanding. What changed about the incident: the actor IS now identified — repository events show 14 branches force-pushed in 36 seconds by `SoundSafe-Dev`, mirrored to both remotes, which is machine-driven and consistent with the local automation lead rather than an external attacker. The credential still needs rotating, which is a web-session action no script can perform.",platform-infra,hamad,2026-12-31
OG-CM-002-gov-cloud,OG-CM-002,"Changes are tracked, reviewed and approved before they take effect",gov-cloud,Partially implemented,03.04.03 03.04.04 03.04.05,"23 blocking CI jobs gate every change and the count is itself asserted so it cannot go stale. RAISED 2026-08-18 (FS-763): **branch protection is now ENABLED on `main` on both remotes** — `allow_force_pushes: false`, `allow_deletions: false`, `enforce_admins: true`, one required approving review. That is what 3.4.5 (enforce access restrictions associated with change) actually asks for, and it is the line that would have stopped the 2026-08-15 force-push of all 17 branches. STILL PARTIAL, for three specific reasons rather than as a hedge. **Required status checks are not configured**: `main` reports zero check runs, so requiring a context that never arrives would make the branch permanently unmergeable — the 23 jobs gate pull requests, they do not yet gate `main` as a protection rule. **The integration branch is unprotected**, deliberately, because four lanes push to it directly and enabling it without notice stops their work. And **four accounts hold repository admin**, any of which can disable the protection just set, so least-privilege review is outstanding. What changed about the incident: the actor IS now identified — repository events show 14 branches force-pushed in 36 seconds by `SoundSafe-Dev`, mirrored to both remotes, which is machine-driven and consistent with the local automation lead rather than an external attacker. The credential still needs rotating, which is a web-session action no script can perform.",platform-infra,hamad,2026-12-31
OG-CM-002-on-prem,OG-CM-002,"Changes are tracked, reviewed and approved before they take effect",on-prem,Partially implemented,03.04.03 03.04.04 03.04.05,"23 blocking CI jobs gate every change and the count is itself asserted so it cannot go stale. RAISED 2026-08-18 (FS-763): **branch protection is now ENABLED on `main` on both remotes** — `allow_force_pushes: false`, `allow_deletions: false`, `enforce_admins: true`, one required approving review. That is what 3.4.5 (enforce access restrictions associated with change) actually asks for, and it is the line that would have stopped the 2026-08-15 force-push of all 17 branches. STILL PARTIAL, for three specific reasons rather than as a hedge. **Required status checks are not configured**: `main` reports zero check runs, so requiring a context that never arrives would make the branch permanently unmergeable — the 23 jobs gate pull requests, they do not yet gate `main` as a protection rule. **The integration branch is unprotected**, deliberately, because four lanes push to it directly and enabling it without notice stops their work. And **four accounts hold repository admin**, any of which can disable the protection just set, so least-privilege review is outstanding. What changed about the incident: the actor IS now identified — repository events show 14 branches force-pushed in 36 seconds by `SoundSafe-Dev`, mirrored to both remotes, which is machine-driven and consistent with the local automation lead rather than an external attacker. The credential still needs rotating, which is a web-session action no script can perform.",platform-infra,hamad,2026-12-31
OG-IA-002-air-gapped,OG-IA-002,Multifactor authentication for privileged and network access,air-gapped,Partially implemented,03.05.03 03.05.04,"RAISED absent -> partial (FS-750). TOTP (RFC 6238) is implemented for local accounts and **enforced at login**: a confirmed factor makes the correct password alone a 401. That distinction is the whole control — enrolment endpoints without enforcement would have reproduced exactly the defect they replaced, since `keycloak_service.enable_mfa` already existed and was called by nothing. Secrets are AES-256-GCM envelopes, recovery codes are single-use SHA-256 digests, and a code cannot be replayed inside its own window (RFC 6238 s5.2, the step most implementations skip). PARTIAL, not implemented, for two reasons that need decisions rather than code: MFA is currently OPT-IN per user, and 3.5.3 requires it for privileged accounts — enforcement for the `admin` role needs an enrolment grace period and a lockout story before it can be switched on. And it covers local password login only; SSO deployments inherit MFA from the identity provider, which is the right answer but is evidenced there rather than here. Superseded text follows for the record — this WAS the single largest named gap in this catalogue. 3.5.3 requires MFA for local and network access to privileged accounts and for network access to non-privileged accounts. Nothing here provides it. `enable_mfa`/`disable_mfa` exist in `app/services/keycloak_service.py` and are unreachable — this repository's own orphaned-definition guard lists them, so the code is present, untested and called by nothing. Two viable routes: wire the Keycloak TOTP required-action, or mandate SSO-with-MFA for CUI profiles and disable local password auth entirely (the stronger posture, and the one that also serves PIV/CAC). The second is the FIPS workstream's Phase 2 anyway, so these should be done together. `03.05.04` (replay-resistant authentication) rides on the same decision.",platform-security,hamad,2026-12-31
OG-IA-002-commercial-cloud,OG-IA-002,Multifactor authentication for privileged and network access,commercial-cloud,Partially implemented,03.05.03 03.05.04,"RAISED absent -> partial (FS-750). TOTP (RFC 6238) is implemented for local accounts and **enforced at login**: a confirmed factor makes the correct password alone a 401. That distinction is the whole control — enrolment endpoints without enforcement would have reproduced exactly the defect they replaced, since `keycloak_service.enable_mfa` already existed and was called by nothing. Secrets are AES-256-GCM envelopes, recovery codes are single-use SHA-256 digests, and a code cannot be replayed inside its own window (RFC 6238 s5.2, the step most implementations skip). PARTIAL, not implemented, for two reasons that need decisions rather than code: MFA is currently OPT-IN per user, and 3.5.3 requires it for privileged accounts — enforcement for the `admin` role needs an enrolment grace period and a lockout story before it can be switched on. And it covers local password login only; SSO deployments inherit MFA from the identity provider, which is the right answer but is evidenced there rather than here. Superseded text follows for the record — this WAS the single largest named gap in this catalogue. 3.5.3 requires MFA for local and network access to privileged accounts and for network access to non-privileged accounts. Nothing here provides it. `enable_mfa`/`disable_mfa` exist in `app/services/keycloak_service.py` and are unreachable — this repository's own orphaned-definition guard lists them, so the code is present, untested and called by nothing. Two viable routes: wire the Keycloak TOTP required-action, or mandate SSO-with-MFA for CUI profiles and disable local password auth entirely (the stronger posture, and the one that also serves PIV/CAC). The second is the FIPS workstream's Phase 2 anyway, so these should be done together. `03.05.04` (replay-resistant authentication) rides on the same decision.",platform-security,hamad,2026-12-31
OG-IA-002-gov-cloud,OG-IA-002,Multifactor authentication for privileged and network access,gov-cloud,Partially implemented,03.05.03 03.05.04,"RAISED absent -> partial (FS-750). TOTP (RFC 6238) is implemented for local accounts and **enforced at login**: a confirmed factor makes the correct password alone a 401. That distinction is the whole control — enrolment endpoints without enforcement would have reproduced exactly the defect they replaced, since `keycloak_service.enable_mfa` already existed and was called by nothing. Secrets are AES-256-GCM envelopes, recovery codes are single-use SHA-256 digests, and a code cannot be replayed inside its own window (RFC 6238 s5.2, the step most implementations skip). PARTIAL, not implemented, for two reasons that need decisions rather than code: MFA is currently OPT-IN per user, and 3.5.3 requires it for privileged accounts — enforcement for the `admin` role needs an enrolment grace period and a lockout story before it can be switched on. And it covers local password login only; SSO deployments inherit MFA from the identity provider, which is the right answer but is evidenced there rather than here. Superseded text follows for the record — this WAS the single largest named gap in this catalogue. 3.5.3 requires MFA for local and network access to privileged accounts and for network access to non-privileged accounts. Nothing here provides it. `enable_mfa`/`disable_mfa` exist in `app/services/keycloak_service.py` and are unreachable — this repository's own orphaned-definition guard lists them, so the code is present, untested and called by nothing. Two viable routes: wire the Keycloak TOTP required-action, or mandate SSO-with-MFA for CUI profiles and disable local password auth entirely (the stronger posture, and the one that also serves PIV/CAC). The second is the FIPS workstream's Phase 2 anyway, so these should be done together. `03.05.04` (replay-resistant authentication) rides on the same decision.",platform-security,hamad,2026-12-31
OG-IA-002-on-prem,OG-IA-002,Multifactor authentication for privileged and network access,on-prem,Partially implemented,03.05.03 03.05.04,"RAISED absent -> partial (FS-750). TOTP (RFC 6238) is implemented for local accounts and **enforced at login**: a confirmed factor makes the correct password alone a 401. That distinction is the whole control — enrolment endpoints without enforcement would have reproduced exactly the defect they replaced, since `keycloak_service.enable_mfa` already existed and was called by nothing. Secrets are AES-256-GCM envelopes, recovery codes are single-use SHA-256 digests, and a code cannot be replayed inside its own window (RFC 6238 s5.2, the step most implementations skip). PARTIAL, not implemented, for two reasons that need decisions rather than code: MFA is currently OPT-IN per user, and 3.5.3 requires it for privileged accounts — enforcement for the `admin` role needs an enrolment grace period and a lockout story before it can be switched on. And it covers local password login only; SSO deployments inherit MFA from the identity provider, which is the right answer but is evidenced there rather than here. Superseded text follows for the record — this WAS the single largest named gap in this catalogue. 3.5.3 requires MFA for local and network access to privileged accounts and for network access to non-privileged accounts. Nothing here provides it. `enable_mfa`/`disable_mfa` exist in `app/services/keycloak_service.py` and are unreachable — this repository's own orphaned-definition guard lists them, so the code is present, untested and called by nothing. Two viable routes: wire the Keycloak TOTP required-action, or mandate SSO-with-MFA for CUI profiles and disable local password auth entirely (the stronger posture, and the one that also serves PIV/CAC). The second is the FIPS workstream's Phase 2 anyway, so these should be done together. `03.05.04` (replay-resistant authentication) rides on the same decision.",platform-security,hamad,2026-12-31
OG-AC-003-air-gapped,OG-AC-003,Privileged functions are restricted to a defined role vocabulary,air-gapped,Partially implemented,03.01.05 03.01.07,"Three ranked roles (viewer < operator < admin), enforced with a CHECK constraint and a single source of truth that raises at import on an unknown name. PARTIAL because least privilege is coarse at this granularity — there is no per-resource permission model — and because privileged execution is only partly captured in the audit log (the middleware covers 18 route templates; see OG-AU-001). Kubernetes RBAC is separately thin: only the monitoring stack has Roles.",platform-security,hamad,2027-01-31
OG-AC-003-commercial-cloud,OG-AC-003,Privileged functions are restricted to a defined role vocabulary,commercial-cloud,Partially implemented,03.01.05 03.01.07,"Three ranked roles (viewer < operator < admin), enforced with a CHECK constraint and a single source of truth that raises at import on an unknown name. PARTIAL because least privilege is coarse at this granularity — there is no per-resource permission model — and because privileged execution is only partly captured in the audit log (the middleware covers 18 route templates; see OG-AU-001). Kubernetes RBAC is separately thin: only the monitoring stack has Roles.",platform-security,hamad,2027-01-31
OG-AC-003-gov-cloud,OG-AC-003,Privileged functions are restricted to a defined role vocabulary,gov-cloud,Partially implemented,03.01.05 03.01.07,"Three ranked roles (viewer < operator < admin), enforced with a CHECK constraint and a single source of truth that raises at import on an unknown name. PARTIAL because least privilege is coarse at this granularity — there is no per-resource permission model — and because privileged execution is only partly captured in the audit log (the middleware covers 18 route templates; see OG-AU-001). Kubernetes RBAC is separately thin: only the monitoring stack has Roles.",platform-security,hamad,2027-01-31
OG-AC-003-on-prem,OG-AC-003,Privileged functions are restricted to a defined role vocabulary,on-prem,Partially implemented,03.01.05 03.01.07,"Three ranked roles (viewer < operator < admin), enforced with a CHECK constraint and a single source of truth that raises at import on an unknown name. PARTIAL because least privilege is coarse at this granularity — there is no per-resource permission model — and because privileged execution is only partly captured in the audit log (the middleware covers 18 route templates; see OG-AU-001). Kubernetes RBAC is separately thin: only the monitoring stack has Roles.",platform-security,hamad,2027-01-31
OG-AC-005-air-gapped,OG-AC-005,Sessions terminate on a defined condition and can be revoked immediately,air-gapped,Partially implemented,03.01.11,Refresh tokens are stored as SHA-256 hashes with single-use rotation and `replaced_by_jti` lineage; a durable `revoked_tokens` denylist is checked on every request; access tokens carry `sid` binding them to a live session so deactivation propagates across replicas immediately; concurrent sessions are capped at 3. PARTIAL because termination is time-based (30 min access / 7 day refresh) with no inactivity-based expiry.,platform-security,hamad,2027-01-31
OG-AC-005-commercial-cloud,OG-AC-005,Sessions terminate on a defined condition and can be revoked immediately,commercial-cloud,Partially implemented,03.01.11,Refresh tokens are stored as SHA-256 hashes with single-use rotation and `replaced_by_jti` lineage; a durable `revoked_tokens` denylist is checked on every request; access tokens carry `sid` binding them to a live session so deactivation propagates across replicas immediately; concurrent sessions are capped at 3. PARTIAL because termination is time-based (30 min access / 7 day refresh) with no inactivity-based expiry.,platform-security,hamad,2027-01-31
OG-AC-005-gov-cloud,OG-AC-005,Sessions terminate on a defined condition and can be revoked immediately,gov-cloud,Partially implemented,03.01.11,Refresh tokens are stored as SHA-256 hashes with single-use rotation and `replaced_by_jti` lineage; a durable `revoked_tokens` denylist is checked on every request; access tokens carry `sid` binding them to a live session so deactivation propagates across replicas immediately; concurrent sessions are capped at 3. PARTIAL because termination is time-based (30 min access / 7 day refresh) with no inactivity-based expiry.,platform-security,hamad,2027-01-31
OG-AC-005-on-prem,OG-AC-005,Sessions terminate on a defined condition and can be revoked immediately,on-prem,Partially implemented,03.01.11,Refresh tokens are stored as SHA-256 hashes with single-use rotation and `replaced_by_jti` lineage; a durable `revoked_tokens` denylist is checked on every request; access tokens carry `sid` binding them to a live session so deactivation propagates across replicas immediately; concurrent sessions are capped at 3. PARTIAL because termination is time-based (30 min access / 7 day refresh) with no inactivity-based expiry.,platform-security,hamad,2027-01-31
OG-AC-006-air-gapped,OG-AC-006,Session lock after inactivity,air-gapped,Not implemented,03.01.10,No idle lock or auto-logout exists in the frontend. A named L2 practice and a visible one — an assessor sits at an unattended browser to check it.,platform-security,hamad,2027-01-31
OG-AC-006-commercial-cloud,OG-AC-006,Session lock after inactivity,commercial-cloud,Not implemented,03.01.10,No idle lock or auto-logout exists in the frontend. A named L2 practice and a visible one — an assessor sits at an unattended browser to check it.,platform-security,hamad,2027-01-31
OG-AC-006-gov-cloud,OG-AC-006,Session lock after inactivity,gov-cloud,Not implemented,03.01.10,No idle lock or auto-logout exists in the frontend. A named L2 practice and a visible one — an assessor sits at an unattended browser to check it.,platform-security,hamad,2027-01-31
OG-AC-006-on-prem,OG-AC-006,Session lock after inactivity,on-prem,Not implemented,03.01.10,No idle lock or auto-logout exists in the frontend. A named L2 practice and a visible one — an assessor sits at an unattended browser to check it.,platform-security,hamad,2027-01-31
OG-AU-006-air-gapped,OG-AU-006,"Audit records carry a synchronised, unambiguous timestamp",air-gapped,Partially implemented,03.03.07,"Backend records are aware-UTC and a repo-wide guard forbids naive `utcnow`. Still PARTIAL everywhere: there is no configured authoritative time source, and the edge skew estimator can only sample while the cloud is reachable. `air-gapped` moved from `absent` to `partial` on 2026-08-18 (FS-760, DDIL S8) and the reason is narrow enough to state exactly. An air-gapped device still cannot synchronise and still has no correction available. What changed is that the correction the estimator DID compute was never applied to a reading — `ClockSkewEstimator.correct()` had no callers — and every row now carries `time_quality` (synced | holdover | unsynced | unknown) saying what its timestamp is worth. The data no longer claims a precision it does not have, and an assessor can query for the readings that cannot be trusted for ordering. That is honest labelling, not synchronisation, which is why nothing moved to `implemented`.",platform-security,hamad,2027-01-31
OG-AU-006-commercial-cloud,OG-AU-006,"Audit records carry a synchronised, unambiguous timestamp",commercial-cloud,Partially implemented,03.03.07,"Backend records are aware-UTC and a repo-wide guard forbids naive `utcnow`. Still PARTIAL everywhere: there is no configured authoritative time source, and the edge skew estimator can only sample while the cloud is reachable. `air-gapped` moved from `absent` to `partial` on 2026-08-18 (FS-760, DDIL S8) and the reason is narrow enough to state exactly. An air-gapped device still cannot synchronise and still has no correction available. What changed is that the correction the estimator DID compute was never applied to a reading — `ClockSkewEstimator.correct()` had no callers — and every row now carries `time_quality` (synced | holdover | unsynced | unknown) saying what its timestamp is worth. The data no longer claims a precision it does not have, and an assessor can query for the readings that cannot be trusted for ordering. That is honest labelling, not synchronisation, which is why nothing moved to `implemented`.",platform-security,hamad,2027-01-31
OG-AU-006-gov-cloud,OG-AU-006,"Audit records carry a synchronised, unambiguous timestamp",gov-cloud,Partially implemented,03.03.07,"Backend records are aware-UTC and a repo-wide guard forbids naive `utcnow`. Still PARTIAL everywhere: there is no configured authoritative time source, and the edge skew estimator can only sample while the cloud is reachable. `air-gapped` moved from `absent` to `partial` on 2026-08-18 (FS-760, DDIL S8) and the reason is narrow enough to state exactly. An air-gapped device still cannot synchronise and still has no correction available. What changed is that the correction the estimator DID compute was never applied to a reading — `ClockSkewEstimator.correct()` had no callers — and every row now carries `time_quality` (synced | holdover | unsynced | unknown) saying what its timestamp is worth. The data no longer claims a precision it does not have, and an assessor can query for the readings that cannot be trusted for ordering. That is honest labelling, not synchronisation, which is why nothing moved to `implemented`.",platform-security,hamad,2027-01-31
OG-AU-006-on-prem,OG-AU-006,"Audit records carry a synchronised, unambiguous timestamp",on-prem,Partially implemented,03.03.07,"Backend records are aware-UTC and a repo-wide guard forbids naive `utcnow`. Still PARTIAL everywhere: there is no configured authoritative time source, and the edge skew estimator can only sample while the cloud is reachable. `air-gapped` moved from `absent` to `partial` on 2026-08-18 (FS-760, DDIL S8) and the reason is narrow enough to state exactly. An air-gapped device still cannot synchronise and still has no correction available. What changed is that the correction the estimator DID compute was never applied to a reading — `ClockSkewEstimator.correct()` had no callers — and every row now carries `time_quality` (synced | holdover | unsynced | unknown) saying what its timestamp is worth. The data no longer claims a precision it does not have, and an assessor can query for the readings that cannot be trusted for ordering. That is honest labelling, not synchronisation, which is why nothing moved to `implemented`.",platform-security,hamad,2027-01-31
OG-CA-001-air-gapped,OG-CA-001,Security controls are monitored continuously for continued effectiveness,air-gapped,Partially implemented,03.12.03,"This catalogue IS the continuous-monitoring mechanism, and it is unusually literal about it: a control claiming to operate must cite tests that pytest can collect, so deleting a guard fails the build naming the control that lost its evidence. Every CI run re-establishes the evidence rather than an annual screenshot doing it. PARTIAL until coverage reaches 110 of 110 and the evidence bundle is produced and retained.",platform-security,hamad,2027-01-31
OG-CA-001-commercial-cloud,OG-CA-001,Security controls are monitored continuously for continued effectiveness,commercial-cloud,Partially implemented,03.12.03,"This catalogue IS the continuous-monitoring mechanism, and it is unusually literal about it: a control claiming to operate must cite tests that pytest can collect, so deleting a guard fails the build naming the control that lost its evidence. Every CI run re-establishes the evidence rather than an annual screenshot doing it. PARTIAL until coverage reaches 110 of 110 and the evidence bundle is produced and retained.",platform-security,hamad,2027-01-31
OG-CA-001-gov-cloud,OG-CA-001,Security controls are monitored continuously for continued effectiveness,gov-cloud,Partially implemented,03.12.03,"This catalogue IS the continuous-monitoring mechanism, and it is unusually literal about it: a control claiming to operate must cite tests that pytest can collect, so deleting a guard fails the build naming the control that lost its evidence. Every CI run re-establishes the evidence rather than an annual screenshot doing it. PARTIAL until coverage reaches 110 of 110 and the evidence bundle is produced and retained.",platform-security,hamad,2027-01-31
OG-CA-001-on-prem,OG-CA-001,Security controls are monitored continuously for continued effectiveness,on-prem,Partially implemented,03.12.03,"This catalogue IS the continuous-monitoring mechanism, and it is unusually literal about it: a control claiming to operate must cite tests that pytest can collect, so deleting a guard fails the build naming the control that lost its evidence. Every CI run re-establishes the evidence rather than an annual screenshot doing it. PARTIAL until coverage reaches 110 of 110 and the evidence bundle is produced and retained.",platform-security,hamad,2027-01-31
OG-CA-003-air-gapped,OG-CA-003,"A system security plan is developed, documented and periodically updated",air-gapped,Partially implemented,03.12.04,"The catalogue holds the control narratives an SSP is made of, per deployment profile. Missing: the renderer, and the parts of an SSP that are not control narratives — system description, boundary diagram, data flows, interconnections. The boundary in particular blocks several other controls (OG-AC-010) and is not this repository's to decide.",platform-security,hamad,2027-01-31
OG-CA-003-commercial-cloud,OG-CA-003,"A system security plan is developed, documented and periodically updated",commercial-cloud,Partially implemented,03.12.04,"The catalogue holds the control narratives an SSP is made of, per deployment profile. Missing: the renderer, and the parts of an SSP that are not control narratives — system description, boundary diagram, data flows, interconnections. The boundary in particular blocks several other controls (OG-AC-010) and is not this repository's to decide.",platform-security,hamad,2027-01-31
OG-CA-003-gov-cloud,OG-CA-003,"A system security plan is developed, documented and periodically updated",gov-cloud,Partially implemented,03.12.04,"The catalogue holds the control narratives an SSP is made of, per deployment profile. Missing: the renderer, and the parts of an SSP that are not control narratives — system description, boundary diagram, data flows, interconnections. The boundary in particular blocks several other controls (OG-AC-010) and is not this repository's to decide.",platform-security,hamad,2027-01-31
OG-CA-003-on-prem,OG-CA-003,"A system security plan is developed, documented and periodically updated",on-prem,Partially implemented,03.12.04,"The catalogue holds the control narratives an SSP is made of, per deployment profile. Missing: the renderer, and the parts of an SSP that are not control narratives — system description, boundary diagram, data flows, interconnections. The boundary in particular blocks several other controls (OG-AC-010) and is not this repository's to decide.",platform-security,hamad,2027-01-31
OG-CM-003-air-gapped,OG-CM-003,Least functionality — nonessential functions are restricted or disabled,air-gapped,Partially implemented,03.04.06 03.04.07,"Pod Security Admission runs `restricted`, containers drop ALL capabilities with a read-only root filesystem and no privilege escalation, and `validate_settings()` refuses a production start with the dev-token bypass, open registration, wildcard CORS or simulated telematics enabled. PARTIAL because the DEFAULTS still invert the principle — `ALLOW_DEV_TOKEN` defaults True and is caught only by the production gate — and because the backend runtime image still carries `gcc` and `libpq-dev` from the build.",platform-infra,hamad,2027-01-31
OG-CM-003-commercial-cloud,OG-CM-003,Least functionality — nonessential functions are restricted or disabled,commercial-cloud,Partially implemented,03.04.06 03.04.07,"Pod Security Admission runs `restricted`, containers drop ALL capabilities with a read-only root filesystem and no privilege escalation, and `validate_settings()` refuses a production start with the dev-token bypass, open registration, wildcard CORS or simulated telematics enabled. PARTIAL because the DEFAULTS still invert the principle — `ALLOW_DEV_TOKEN` defaults True and is caught only by the production gate — and because the backend runtime image still carries `gcc` and `libpq-dev` from the build.",platform-infra,hamad,2027-01-31
OG-CM-003-gov-cloud,OG-CM-003,Least functionality — nonessential functions are restricted or disabled,gov-cloud,Partially implemented,03.04.06 03.04.07,"Pod Security Admission runs `restricted`, containers drop ALL capabilities with a read-only root filesystem and no privilege escalation, and `validate_settings()` refuses a production start with the dev-token bypass, open registration, wildcard CORS or simulated telematics enabled. PARTIAL because the DEFAULTS still invert the principle — `ALLOW_DEV_TOKEN` defaults True and is caught only by the production gate — and because the backend runtime image still carries `gcc` and `libpq-dev` from the build.",platform-infra,hamad,2027-01-31
OG-CM-003-on-prem,OG-CM-003,Least functionality — nonessential functions are restricted or disabled,on-prem,Partially implemented,03.04.06 03.04.07,"Pod Security Admission runs `restricted`, containers drop ALL capabilities with a read-only root filesystem and no privilege escalation, and `validate_settings()` refuses a production start with the dev-token bypass, open registration, wildcard CORS or simulated telematics enabled. PARTIAL because the DEFAULTS still invert the principle — `ALLOW_DEV_TOKEN` defaults True and is caught only by the production gate — and because the backend runtime image still carries `gcc` and `libpq-dev` from the build.",platform-infra,hamad,2027-01-31
OG-IA-003-air-gapped,OG-IA-003,Credentials are stored and transmitted only in cryptographically protected form,air-gapped,Partially implemented,03.05.10,"New passwords are PBKDF2-HMAC-SHA256 at 600k iterations (FS-748) — the SP 800-132-approved KDF — and refresh tokens, API keys and invitation tokens are SHA-256 digests of high-entropy random secrets, which is correct: 800-132 governs passwords, not 128-bit random values. Login rehashes legacy hashes in place, so users migrate as they arrive with no reset. PARTIAL until the migration window CLOSES: bcrypt remains registered as a deprecated scheme so existing hashes still verify, and while it is registered the application can still read a non-approved format. `auth_password_hash_scheme_total` makes the remaining population a dashboard number. The window must close before the FIPS base image lands — in enforcing mode the bcrypt verify path may raise rather than return False, which would lock out every user who had not logged in since.",platform-security,hamad,2027-01-31
OG-IA-003-commercial-cloud,OG-IA-003,Credentials are stored and transmitted only in cryptographically protected form,commercial-cloud,Partially implemented,03.05.10,"New passwords are PBKDF2-HMAC-SHA256 at 600k iterations (FS-748) — the SP 800-132-approved KDF — and refresh tokens, API keys and invitation tokens are SHA-256 digests of high-entropy random secrets, which is correct: 800-132 governs passwords, not 128-bit random values. Login rehashes legacy hashes in place, so users migrate as they arrive with no reset. PARTIAL until the migration window CLOSES: bcrypt remains registered as a deprecated scheme so existing hashes still verify, and while it is registered the application can still read a non-approved format. `auth_password_hash_scheme_total` makes the remaining population a dashboard number. The window must close before the FIPS base image lands — in enforcing mode the bcrypt verify path may raise rather than return False, which would lock out every user who had not logged in since.",platform-security,hamad,2027-01-31
OG-IA-003-gov-cloud,OG-IA-003,Credentials are stored and transmitted only in cryptographically protected form,gov-cloud,Partially implemented,03.05.10,"New passwords are PBKDF2-HMAC-SHA256 at 600k iterations (FS-748) — the SP 800-132-approved KDF — and refresh tokens, API keys and invitation tokens are SHA-256 digests of high-entropy random secrets, which is correct: 800-132 governs passwords, not 128-bit random values. Login rehashes legacy hashes in place, so users migrate as they arrive with no reset. PARTIAL until the migration window CLOSES: bcrypt remains registered as a deprecated scheme so existing hashes still verify, and while it is registered the application can still read a non-approved format. `auth_password_hash_scheme_total` makes the remaining population a dashboard number. The window must close before the FIPS base image lands — in enforcing mode the bcrypt verify path may raise rather than return False, which would lock out every user who had not logged in since.",platform-security,hamad,2027-01-31
OG-IA-003-on-prem,OG-IA-003,Credentials are stored and transmitted only in cryptographically protected form,on-prem,Partially implemented,03.05.10,"New passwords are PBKDF2-HMAC-SHA256 at 600k iterations (FS-748) — the SP 800-132-approved KDF — and refresh tokens, API keys and invitation tokens are SHA-256 digests of high-entropy random secrets, which is correct: 800-132 governs passwords, not 128-bit random values. Login rehashes legacy hashes in place, so users migrate as they arrive with no reset. PARTIAL until the migration window CLOSES: bcrypt remains registered as a deprecated scheme so existing hashes still verify, and while it is registered the application can still read a non-approved format. `auth_password_hash_scheme_total` makes the remaining population a dashboard number. The window must close before the FIPS base image lands — in enforcing mode the bcrypt verify path may raise rather than return False, which would lock out every user who had not logged in since.",platform-security,hamad,2027-01-31
OG-IA-005-air-gapped,OG-IA-005,"Password composition, reuse and lifetime policy",air-gapped,Partially implemented,03.05.07 03.05.08 03.05.09,"`validate_new_password` enforces a 12-character minimum and a 72-byte ceiling — and **only on the invitation-accept path**. `POST /auth/register` and admin `POST /users/` do not call it, so two of the three ways an account gets a password apply no policy at all. There is no history, no expiry, and no breach-list check. The first fix is to route all three paths through one validator; the policy content is a second decision (NIST SP 800-63B argues against composition rules and expiry, while 800-171 3.5.7-3.5.9 asks for them — that tension needs a written position before an assessment, not during one).",platform-security,hamad,2027-01-31
OG-IA-005-commercial-cloud,OG-IA-005,"Password composition, reuse and lifetime policy",commercial-cloud,Partially implemented,03.05.07 03.05.08 03.05.09,"`validate_new_password` enforces a 12-character minimum and a 72-byte ceiling — and **only on the invitation-accept path**. `POST /auth/register` and admin `POST /users/` do not call it, so two of the three ways an account gets a password apply no policy at all. There is no history, no expiry, and no breach-list check. The first fix is to route all three paths through one validator; the policy content is a second decision (NIST SP 800-63B argues against composition rules and expiry, while 800-171 3.5.7-3.5.9 asks for them — that tension needs a written position before an assessment, not during one).",platform-security,hamad,2027-01-31
OG-IA-005-gov-cloud,OG-IA-005,"Password composition, reuse and lifetime policy",gov-cloud,Partially implemented,03.05.07 03.05.08 03.05.09,"`validate_new_password` enforces a 12-character minimum and a 72-byte ceiling — and **only on the invitation-accept path**. `POST /auth/register` and admin `POST /users/` do not call it, so two of the three ways an account gets a password apply no policy at all. There is no history, no expiry, and no breach-list check. The first fix is to route all three paths through one validator; the policy content is a second decision (NIST SP 800-63B argues against composition rules and expiry, while 800-171 3.5.7-3.5.9 asks for them — that tension needs a written position before an assessment, not during one).",platform-security,hamad,2027-01-31
OG-IA-005-on-prem,OG-IA-005,"Password composition, reuse and lifetime policy",on-prem,Partially implemented,03.05.07 03.05.08 03.05.09,"`validate_new_password` enforces a 12-character minimum and a 72-byte ceiling — and **only on the invitation-accept path**. `POST /auth/register` and admin `POST /users/` do not call it, so two of the three ways an account gets a password apply no policy at all. There is no history, no expiry, and no breach-list check. The first fix is to route all three paths through one validator; the policy content is a second decision (NIST SP 800-63B argues against composition rules and expiry, while 800-171 3.5.7-3.5.9 asks for them — that tension needs a written position before an assessment, not during one).",platform-security,hamad,2027-01-31
OG-IR-002-air-gapped,OG-IR-002,"Incidents are tracked, documented and reported to designated authorities",air-gapped,Partially implemented,03.06.02,"Documentation of the one real incident is thorough. Reporting is not defined: nobody has written down who is notified, within what deadline, for which severity. Two hard external deadlines already apply and neither is captured — GDPR Article 33 requires supervisory-authority notification within 72 hours of awareness, and DFARS 252.204-7012 requires DoD reporting within 72 hours for CUI incidents. Those are legal obligations that a missing runbook does not suspend.",security-operations,unassigned,2027-01-31
OG-IR-002-commercial-cloud,OG-IR-002,"Incidents are tracked, documented and reported to designated authorities",commercial-cloud,Partially implemented,03.06.02,"Documentation of the one real incident is thorough. Reporting is not defined: nobody has written down who is notified, within what deadline, for which severity. Two hard external deadlines already apply and neither is captured — GDPR Article 33 requires supervisory-authority notification within 72 hours of awareness, and DFARS 252.204-7012 requires DoD reporting within 72 hours for CUI incidents. Those are legal obligations that a missing runbook does not suspend.",security-operations,unassigned,2027-01-31
OG-IR-002-gov-cloud,OG-IR-002,"Incidents are tracked, documented and reported to designated authorities",gov-cloud,Partially implemented,03.06.02,"Documentation of the one real incident is thorough. Reporting is not defined: nobody has written down who is notified, within what deadline, for which severity. Two hard external deadlines already apply and neither is captured — GDPR Article 33 requires supervisory-authority notification within 72 hours of awareness, and DFARS 252.204-7012 requires DoD reporting within 72 hours for CUI incidents. Those are legal obligations that a missing runbook does not suspend.",security-operations,unassigned,2027-01-31
OG-IR-002-on-prem,OG-IR-002,"Incidents are tracked, documented and reported to designated authorities",on-prem,Partially implemented,03.06.02,"Documentation of the one real incident is thorough. Reporting is not defined: nobody has written down who is notified, within what deadline, for which severity. Two hard external deadlines already apply and neither is captured — GDPR Article 33 requires supervisory-authority notification within 72 hours of awareness, and DFARS 252.204-7012 requires DoD reporting within 72 hours for CUI incidents. Those are legal obligations that a missing runbook does not suspend.",security-operations,unassigned,2027-01-31
OG-RA-002-air-gapped,OG-RA-002,Vulnerabilities are remediated in accordance with risk,air-gapped,Partially implemented,03.11.03,"Remediation is currently immediate-or-blocked, which sounds strict and is actually the gap: there is no severity-based SLA, so a HIGH finding and a CRITICAL finding are treated identically, and anything the scanners do not block has no defined response time at all. The image scan in `ci-cd.yml` sets no `exit-code`, so it cannot fail a deploy — findings there go to code scanning and nowhere else.",security-operations,unassigned,2027-01-31
OG-RA-002-commercial-cloud,OG-RA-002,Vulnerabilities are remediated in accordance with risk,commercial-cloud,Partially implemented,03.11.03,"Remediation is currently immediate-or-blocked, which sounds strict and is actually the gap: there is no severity-based SLA, so a HIGH finding and a CRITICAL finding are treated identically, and anything the scanners do not block has no defined response time at all. The image scan in `ci-cd.yml` sets no `exit-code`, so it cannot fail a deploy — findings there go to code scanning and nowhere else.",security-operations,unassigned,2027-01-31
OG-RA-002-gov-cloud,OG-RA-002,Vulnerabilities are remediated in accordance with risk,gov-cloud,Partially implemented,03.11.03,"Remediation is currently immediate-or-blocked, which sounds strict and is actually the gap: there is no severity-based SLA, so a HIGH finding and a CRITICAL finding are treated identically, and anything the scanners do not block has no defined response time at all. The image scan in `ci-cd.yml` sets no `exit-code`, so it cannot fail a deploy — findings there go to code scanning and nowhere else.",security-operations,unassigned,2027-01-31
OG-RA-002-on-prem,OG-RA-002,Vulnerabilities are remediated in accordance with risk,on-prem,Partially implemented,03.11.03,"Remediation is currently immediate-or-blocked, which sounds strict and is actually the gap: there is no severity-based SLA, so a HIGH finding and a CRITICAL finding are treated identically, and anything the scanners do not block has no defined response time at all. The image scan in `ci-cd.yml` sets no `exit-code`, so it cannot fail a deploy — findings there go to code scanning and nowhere else.",security-operations,unassigned,2027-01-31
OG-SC-007-air-gapped,OG-SC-007,Session authenticity is protected,air-gapped,Partially implemented,03.13.09,"Connections terminate at token expiry and sessions are revocable immediately, but there is no inactivity-based termination (the same gap as OG-AC-005/OG-AC-006). CSRF middleware exists and is disabled by default, with a documented rationale — Bearer tokens rather than cookies — which is sound and should be written into the SSP rather than left as a code comment.",platform-security,hamad,2027-01-31
OG-SC-007-commercial-cloud,OG-SC-007,Session authenticity is protected,commercial-cloud,Partially implemented,03.13.09,"Connections terminate at token expiry and sessions are revocable immediately, but there is no inactivity-based termination (the same gap as OG-AC-005/OG-AC-006). CSRF middleware exists and is disabled by default, with a documented rationale — Bearer tokens rather than cookies — which is sound and should be written into the SSP rather than left as a code comment.",platform-security,hamad,2027-01-31
OG-SC-007-gov-cloud,OG-SC-007,Session authenticity is protected,gov-cloud,Partially implemented,03.13.09,"Connections terminate at token expiry and sessions are revocable immediately, but there is no inactivity-based termination (the same gap as OG-AC-005/OG-AC-006). CSRF middleware exists and is disabled by default, with a documented rationale — Bearer tokens rather than cookies — which is sound and should be written into the SSP rather than left as a code comment.",platform-security,hamad,2027-01-31
OG-SC-007-on-prem,OG-SC-007,Session authenticity is protected,on-prem,Partially implemented,03.13.09,"Connections terminate at token expiry and sessions are revocable immediately, but there is no inactivity-based termination (the same gap as OG-AC-005/OG-AC-006). CSRF middleware exists and is disabled by default, with a documented rationale — Bearer tokens rather than cookies — which is sound and should be written into the SSP rather than left as a code comment.",platform-security,hamad,2027-01-31
OG-SI-001-air-gapped,OG-SI-001,"System flaws are identified, reported and corrected in a timely manner",air-gapped,Partially implemented,03.14.01,"Identification is well covered — blocking dependency and container scanning, error tracking with a triage runbook, and 5,000+ tests that catch regressions before release. The gap is ""timely"": no SLA defines how quickly a flaw of a given severity must be corrected, so timeliness is currently whatever the next release happens to be. Same missing decision as OG-RA-002.",security-operations,unassigned,2027-01-31
OG-SI-001-commercial-cloud,OG-SI-001,"System flaws are identified, reported and corrected in a timely manner",commercial-cloud,Partially implemented,03.14.01,"Identification is well covered — blocking dependency and container scanning, error tracking with a triage runbook, and 5,000+ tests that catch regressions before release. The gap is ""timely"": no SLA defines how quickly a flaw of a given severity must be corrected, so timeliness is currently whatever the next release happens to be. Same missing decision as OG-RA-002.",security-operations,unassigned,2027-01-31
OG-SI-001-gov-cloud,OG-SI-001,"System flaws are identified, reported and corrected in a timely manner",gov-cloud,Partially implemented,03.14.01,"Identification is well covered — blocking dependency and container scanning, error tracking with a triage runbook, and 5,000+ tests that catch regressions before release. The gap is ""timely"": no SLA defines how quickly a flaw of a given severity must be corrected, so timeliness is currently whatever the next release happens to be. Same missing decision as OG-RA-002.",security-operations,unassigned,2027-01-31
OG-SI-001-on-prem,OG-SI-001,"System flaws are identified, reported and corrected in a timely manner",on-prem,Partially implemented,03.14.01,"Identification is well covered — blocking dependency and container scanning, error tracking with a triage runbook, and 5,000+ tests that catch regressions before release. The gap is ""timely"": no SLA defines how quickly a flaw of a given severity must be corrected, so timeliness is currently whatever the next release happens to be. Same missing decision as OG-RA-002.",security-operations,unassigned,2027-01-31
OG-AC-008-commercial-cloud,OG-AC-008,"Remote access is routed through managed, monitored, encrypted access points",commercial-cloud,Partially implemented,03.01.12 03.01.13 03.01.14 03.01.15,"A single ingress with TLS termination and HSTS is the managed access point, and privileged remote agent operations carry a `RemoteOperationAuditContext` recording who requested them. PARTIAL because in-cluster traffic is plaintext (see OG-SC-003) and there is no session monitoring beyond access logs.",platform-infra,hamad,2027-02-28
OG-AC-008-gov-cloud,OG-AC-008,"Remote access is routed through managed, monitored, encrypted access points",gov-cloud,Partially implemented,03.01.12 03.01.13 03.01.14 03.01.15,"A single ingress with TLS termination and HSTS is the managed access point, and privileged remote agent operations carry a `RemoteOperationAuditContext` recording who requested them. PARTIAL because in-cluster traffic is plaintext (see OG-SC-003) and there is no session monitoring beyond access logs.",platform-infra,hamad,2027-02-28
OG-AC-008-on-prem,OG-AC-008,"Remote access is routed through managed, monitored, encrypted access points",on-prem,Partially implemented,03.01.12 03.01.13 03.01.14 03.01.15,"A single ingress with TLS termination and HSTS is the managed access point, and privileged remote agent operations carry a `RemoteOperationAuditContext` recording who requested them. PARTIAL because in-cluster traffic is plaintext (see OG-SC-003) and there is no session monitoring beyond access logs.",platform-infra,hamad,2027-02-28
OG-AC-009-commercial-cloud,OG-AC-009,Connections to external systems are verified and controlled,commercial-cloud,Partially implemented,03.01.20,"Eight ERP connectors and GeoTab are the external systems; egress is constrained by default-deny NetworkPolicy with per-workload allow-lists. PARTIAL because there is no formal inventory or approval record of external system connections, which is what the practice asks for. `air-gapped` is `implemented` by construction: there are no external connections.",platform-infra,hamad,2027-02-28
OG-AC-009-gov-cloud,OG-AC-009,Connections to external systems are verified and controlled,gov-cloud,Partially implemented,03.01.20,"Eight ERP connectors and GeoTab are the external systems; egress is constrained by default-deny NetworkPolicy with per-workload allow-lists. PARTIAL because there is no formal inventory or approval record of external system connections, which is what the practice asks for. `air-gapped` is `implemented` by construction: there are no external connections.",platform-infra,hamad,2027-02-28
OG-AC-009-on-prem,OG-AC-009,Connections to external systems are verified and controlled,on-prem,Partially implemented,03.01.20,"Eight ERP connectors and GeoTab are the external systems; egress is constrained by default-deny NetworkPolicy with per-workload allow-lists. PARTIAL because there is no formal inventory or approval record of external system connections, which is what the practice asks for. `air-gapped` is `implemented` by construction: there are no external connections.",platform-infra,hamad,2027-02-28
OG-AU-007-air-gapped,OG-AU-007,"Audit review, analysis and reporting",air-gapped,Not implemented,03.03.03 03.03.05 03.03.06,"`GET /audit/summary` aggregates by action and period, which is a reporting surface but not a review PROCESS: nothing defines which events are reviewed, by whom, or how often, and no logged-event list is reviewed and updated. Log aggregation is also not deployed to Kubernetes — Loki exists in docker-compose only — so there is no correlation across components to review. Blocked on the SIEM decision.",security-operations,unassigned,2027-02-28
OG-AU-007-commercial-cloud,OG-AU-007,"Audit review, analysis and reporting",commercial-cloud,Not implemented,03.03.03 03.03.05 03.03.06,"`GET /audit/summary` aggregates by action and period, which is a reporting surface but not a review PROCESS: nothing defines which events are reviewed, by whom, or how often, and no logged-event list is reviewed and updated. Log aggregation is also not deployed to Kubernetes — Loki exists in docker-compose only — so there is no correlation across components to review. Blocked on the SIEM decision.",security-operations,unassigned,2027-02-28
OG-AU-007-gov-cloud,OG-AU-007,"Audit review, analysis and reporting",gov-cloud,Not implemented,03.03.03 03.03.05 03.03.06,"`GET /audit/summary` aggregates by action and period, which is a reporting surface but not a review PROCESS: nothing defines which events are reviewed, by whom, or how often, and no logged-event list is reviewed and updated. Log aggregation is also not deployed to Kubernetes — Loki exists in docker-compose only — so there is no correlation across components to review. Blocked on the SIEM decision.",security-operations,unassigned,2027-02-28
OG-AU-007-on-prem,OG-AU-007,"Audit review, analysis and reporting",on-prem,Not implemented,03.03.03 03.03.05 03.03.06,"`GET /audit/summary` aggregates by action and period, which is a reporting surface but not a review PROCESS: nothing defines which events are reviewed, by whom, or how often, and no logged-event list is reviewed and updated. Log aggregation is also not deployed to Kubernetes — Loki exists in docker-compose only — so there is no correlation across components to review. Blocked on the SIEM decision.",security-operations,unassigned,2027-02-28
OG-CM-001-air-gapped,OG-CM-001,Configuration is defined in version control and enforced at deploy time,air-gapped,Partially implemented,03.04.01 03.04.02,"Every deployed setting is a manifest in git, and `check_backend_security_config.py` asserts the security-relevant ones actually reach the container — resolving `envFrom` the way the kubelet does, which exists because `validate_settings()` was once never armed: `ENVIRONMENT` appeared in zero manifests, so the production branch never ran. PARTIAL because there is no declared BASELINE — no golden configuration to compare a running system against, and no drift detection. Inventory is likewise implicit in the manifests rather than maintained as an artifact.",platform-infra,hamad,2027-02-28
OG-CM-001-commercial-cloud,OG-CM-001,Configuration is defined in version control and enforced at deploy time,commercial-cloud,Partially implemented,03.04.01 03.04.02,"Every deployed setting is a manifest in git, and `check_backend_security_config.py` asserts the security-relevant ones actually reach the container — resolving `envFrom` the way the kubelet does, which exists because `validate_settings()` was once never armed: `ENVIRONMENT` appeared in zero manifests, so the production branch never ran. PARTIAL because there is no declared BASELINE — no golden configuration to compare a running system against, and no drift detection. Inventory is likewise implicit in the manifests rather than maintained as an artifact.",platform-infra,hamad,2027-02-28
OG-CM-001-gov-cloud,OG-CM-001,Configuration is defined in version control and enforced at deploy time,gov-cloud,Partially implemented,03.04.01 03.04.02,"Every deployed setting is a manifest in git, and `check_backend_security_config.py` asserts the security-relevant ones actually reach the container — resolving `envFrom` the way the kubelet does, which exists because `validate_settings()` was once never armed: `ENVIRONMENT` appeared in zero manifests, so the production branch never ran. PARTIAL because there is no declared BASELINE — no golden configuration to compare a running system against, and no drift detection. Inventory is likewise implicit in the manifests rather than maintained as an artifact.",platform-infra,hamad,2027-02-28
OG-CM-001-on-prem,OG-CM-001,Configuration is defined in version control and enforced at deploy time,on-prem,Partially implemented,03.04.01 03.04.02,"Every deployed setting is a manifest in git, and `check_backend_security_config.py` asserts the security-relevant ones actually reach the container — resolving `envFrom` the way the kubelet does, which exists because `validate_settings()` was once never armed: `ENVIRONMENT` appeared in zero manifests, so the production branch never ran. PARTIAL because there is no declared BASELINE — no golden configuration to compare a running system against, and no drift detection. Inventory is likewise implicit in the manifests rather than maintained as an artifact.",platform-infra,hamad,2027-02-28
OG-CM-004-air-gapped,OG-CM-004,Software execution policy and control of user-installed software,air-gapped,Partially implemented,03.04.08 03.04.09,"Dependencies are pinned with justifications, `pip-audit`, `npm audit` and a Trivy filesystem scan block the build, and a repo-hygiene gate refuses tracked key material or dependency directories. Two real gaps: **no image signing** (nothing verifies what runs is what CI built — cosign is absent) and **no base-image digest pinning** (every image uses a mutable tag). After a supply-chain compromise in this repository's own history, both are pointed questions rather than theoretical ones. Admission control that could enforce either is also absent — no Kyverno, no Gatekeeper.",platform-infra,hamad,2027-02-28
OG-CM-004-commercial-cloud,OG-CM-004,Software execution policy and control of user-installed software,commercial-cloud,Partially implemented,03.04.08 03.04.09,"Dependencies are pinned with justifications, `pip-audit`, `npm audit` and a Trivy filesystem scan block the build, and a repo-hygiene gate refuses tracked key material or dependency directories. Two real gaps: **no image signing** (nothing verifies what runs is what CI built — cosign is absent) and **no base-image digest pinning** (every image uses a mutable tag). After a supply-chain compromise in this repository's own history, both are pointed questions rather than theoretical ones. Admission control that could enforce either is also absent — no Kyverno, no Gatekeeper.",platform-infra,hamad,2027-02-28
OG-CM-004-gov-cloud,OG-CM-004,Software execution policy and control of user-installed software,gov-cloud,Partially implemented,03.04.08 03.04.09,"Dependencies are pinned with justifications, `pip-audit`, `npm audit` and a Trivy filesystem scan block the build, and a repo-hygiene gate refuses tracked key material or dependency directories. Two real gaps: **no image signing** (nothing verifies what runs is what CI built — cosign is absent) and **no base-image digest pinning** (every image uses a mutable tag). After a supply-chain compromise in this repository's own history, both are pointed questions rather than theoretical ones. Admission control that could enforce either is also absent — no Kyverno, no Gatekeeper.",platform-infra,hamad,2027-02-28
OG-CM-004-on-prem,OG-CM-004,Software execution policy and control of user-installed software,on-prem,Partially implemented,03.04.08 03.04.09,"Dependencies are pinned with justifications, `pip-audit`, `npm audit` and a Trivy filesystem scan block the build, and a repo-hygiene gate refuses tracked key material or dependency directories. Two real gaps: **no image signing** (nothing verifies what runs is what CI built — cosign is absent) and **no base-image digest pinning** (every image uses a mutable tag). After a supply-chain compromise in this repository's own history, both are pointed questions rather than theoretical ones. Admission control that could enforce either is also absent — no Kyverno, no Gatekeeper.",platform-infra,hamad,2027-02-28
OG-IA-006-air-gapped,OG-IA-006,Identifier reuse and inactivity management,air-gapped,Partially implemented,03.05.05 03.05.06,"Identifiers are UUIDs and are never reused; deprovisioning is deactivation rather than deletion (deliberately — audit rows, alarm acknowledgements and rule ownership reference the user), and a last-active-admin guard prevents locking the tenant out. PARTIAL because nothing acts on inactivity: `last_login` is stored and displayed, and no job disables a dormant account. 3.5.6 asks for that to happen automatically.",platform-security,hamad,2027-02-28
OG-IA-006-commercial-cloud,OG-IA-006,Identifier reuse and inactivity management,commercial-cloud,Partially implemented,03.05.05 03.05.06,"Identifiers are UUIDs and are never reused; deprovisioning is deactivation rather than deletion (deliberately — audit rows, alarm acknowledgements and rule ownership reference the user), and a last-active-admin guard prevents locking the tenant out. PARTIAL because nothing acts on inactivity: `last_login` is stored and displayed, and no job disables a dormant account. 3.5.6 asks for that to happen automatically.",platform-security,hamad,2027-02-28
OG-IA-006-gov-cloud,OG-IA-006,Identifier reuse and inactivity management,gov-cloud,Partially implemented,03.05.05 03.05.06,"Identifiers are UUIDs and are never reused; deprovisioning is deactivation rather than deletion (deliberately — audit rows, alarm acknowledgements and rule ownership reference the user), and a last-active-admin guard prevents locking the tenant out. PARTIAL because nothing acts on inactivity: `last_login` is stored and displayed, and no job disables a dormant account. 3.5.6 asks for that to happen automatically.",platform-security,hamad,2027-02-28
OG-IA-006-on-prem,OG-IA-006,Identifier reuse and inactivity management,on-prem,Partially implemented,03.05.05 03.05.06,"Identifiers are UUIDs and are never reused; deprovisioning is deactivation rather than deletion (deliberately — audit rows, alarm acknowledgements and rule ownership reference the user), and a last-active-admin guard prevents locking the tenant out. PARTIAL because nothing acts on inactivity: `last_login` is stored and displayed, and no job disables a dormant account. 3.5.6 asks for that to happen automatically.",platform-security,hamad,2027-02-28
OG-IR-003-air-gapped,OG-IR-003,The incident response capability is tested,air-gapped,Partially implemented,03.06.03,"One genuine automated drill: `test_backup_restore_drill.py` round-trips a real `pg_dump`/`pg_restore` on every CI run and asserts that rows, schema version AND tenant RLS isolation survive — a restore that silently drops RLS policies fails the build. That is a tested recovery capability. It is not an incident response exercise: no tabletop, no simulated compromise, no measured time-to-detect. The 2026-08-15 incident was an unplanned live test and its lessons are recorded, which is worth citing while being clear it was not a drill.",security-operations,unassigned,2027-02-28
OG-IR-003-commercial-cloud,OG-IR-003,The incident response capability is tested,commercial-cloud,Partially implemented,03.06.03,"One genuine automated drill: `test_backup_restore_drill.py` round-trips a real `pg_dump`/`pg_restore` on every CI run and asserts that rows, schema version AND tenant RLS isolation survive — a restore that silently drops RLS policies fails the build. That is a tested recovery capability. It is not an incident response exercise: no tabletop, no simulated compromise, no measured time-to-detect. The 2026-08-15 incident was an unplanned live test and its lessons are recorded, which is worth citing while being clear it was not a drill.",security-operations,unassigned,2027-02-28
OG-IR-003-gov-cloud,OG-IR-003,The incident response capability is tested,gov-cloud,Partially implemented,03.06.03,"One genuine automated drill: `test_backup_restore_drill.py` round-trips a real `pg_dump`/`pg_restore` on every CI run and asserts that rows, schema version AND tenant RLS isolation survive — a restore that silently drops RLS policies fails the build. That is a tested recovery capability. It is not an incident response exercise: no tabletop, no simulated compromise, no measured time-to-detect. The 2026-08-15 incident was an unplanned live test and its lessons are recorded, which is worth citing while being clear it was not a drill.",security-operations,unassigned,2027-02-28
OG-IR-003-on-prem,OG-IR-003,The incident response capability is tested,on-prem,Partially implemented,03.06.03,"One genuine automated drill: `test_backup_restore_drill.py` round-trips a real `pg_dump`/`pg_restore` on every CI run and asserts that rows, schema version AND tenant RLS isolation survive — a restore that silently drops RLS policies fails the build. That is a tested recovery capability. It is not an incident response exercise: no tabletop, no simulated compromise, no measured time-to-detect. The 2026-08-15 incident was an unplanned live test and its lessons are recorded, which is worth citing while being clear it was not a drill.",security-operations,unassigned,2027-02-28
OG-MP-001-air-gapped,OG-MP-001,Backup CUI is protected at rest at storage locations,air-gapped,Partially implemented,03.08.09,"A nightly `pg_dump -Fc` uploads with `--sse AES256` and reads the object back to verify it, from a hardened pod. PARTIAL because retention and immutability are explicitly the operator's job — the manifest's own README says the job does not prune and that bucket versioning and object lock must be configured by hand, so neither is evidenced here. Note the recovery gap this shares with the DR runbooks: RPO is up to 24 hours because point-in-time recovery is not operational, which is documented and guarded rather than claimed.",platform-infra,hamad,2027-02-28
OG-MP-001-commercial-cloud,OG-MP-001,Backup CUI is protected at rest at storage locations,commercial-cloud,Partially implemented,03.08.09,"A nightly `pg_dump -Fc` uploads with `--sse AES256` and reads the object back to verify it, from a hardened pod. PARTIAL because retention and immutability are explicitly the operator's job — the manifest's own README says the job does not prune and that bucket versioning and object lock must be configured by hand, so neither is evidenced here. Note the recovery gap this shares with the DR runbooks: RPO is up to 24 hours because point-in-time recovery is not operational, which is documented and guarded rather than claimed.",platform-infra,hamad,2027-02-28
OG-MP-001-gov-cloud,OG-MP-001,Backup CUI is protected at rest at storage locations,gov-cloud,Partially implemented,03.08.09,"A nightly `pg_dump -Fc` uploads with `--sse AES256` and reads the object back to verify it, from a hardened pod. PARTIAL because retention and immutability are explicitly the operator's job — the manifest's own README says the job does not prune and that bucket versioning and object lock must be configured by hand, so neither is evidenced here. Note the recovery gap this shares with the DR runbooks: RPO is up to 24 hours because point-in-time recovery is not operational, which is documented and guarded rather than claimed.",platform-infra,hamad,2027-02-28
OG-MP-001-on-prem,OG-MP-001,Backup CUI is protected at rest at storage locations,on-prem,Partially implemented,03.08.09,"A nightly `pg_dump -Fc` uploads with `--sse AES256` and reads the object back to verify it, from a hardened pod. PARTIAL because retention and immutability are explicitly the operator's job — the manifest's own README says the job does not prune and that bucket versioning and object lock must be configured by hand, so neither is evidenced here. Note the recovery gap this shares with the DR runbooks: RPO is up to 24 hours because point-in-time recovery is not operational, which is documented and guarded rather than claimed.",platform-infra,hamad,2027-02-28
OG-SC-003-air-gapped,OG-SC-003,Confidentiality of CUI in transit,air-gapped,Partially implemented,03.13.08 03.13.15,"External traffic is TLS-terminated at the ingress with HSTS (1 year, includeSubDomains, preload), and the edge uplink has real mTLS with CA pinning, a TLS 1.2 floor and proof-of-possession request signing. PARTIAL because **in-cluster traffic is plaintext**: `sslmode` appears in no database URL, and Redpanda's internal listener, Redis, Qdrant and SeaweedFS are all unencrypted. Also honest about a live asymmetry the repo already documents — the production backend requires mTLS while the shipped edge-agent StatefulSet leaves `EDGE_REQUIRE_TLS` at a permissive default.",platform-infra,hamad,2027-02-28
OG-SC-003-commercial-cloud,OG-SC-003,Confidentiality of CUI in transit,commercial-cloud,Partially implemented,03.13.08 03.13.15,"External traffic is TLS-terminated at the ingress with HSTS (1 year, includeSubDomains, preload), and the edge uplink has real mTLS with CA pinning, a TLS 1.2 floor and proof-of-possession request signing. PARTIAL because **in-cluster traffic is plaintext**: `sslmode` appears in no database URL, and Redpanda's internal listener, Redis, Qdrant and SeaweedFS are all unencrypted. Also honest about a live asymmetry the repo already documents — the production backend requires mTLS while the shipped edge-agent StatefulSet leaves `EDGE_REQUIRE_TLS` at a permissive default.",platform-infra,hamad,2027-02-28
OG-SC-003-gov-cloud,OG-SC-003,Confidentiality of CUI in transit,gov-cloud,Partially implemented,03.13.08 03.13.15,"External traffic is TLS-terminated at the ingress with HSTS (1 year, includeSubDomains, preload), and the edge uplink has real mTLS with CA pinning, a TLS 1.2 floor and proof-of-possession request signing. PARTIAL because **in-cluster traffic is plaintext**: `sslmode` appears in no database URL, and Redpanda's internal listener, Redis, Qdrant and SeaweedFS are all unencrypted. Also honest about a live asymmetry the repo already documents — the production backend requires mTLS while the shipped edge-agent StatefulSet leaves `EDGE_REQUIRE_TLS` at a permissive default.",platform-infra,hamad,2027-02-28
OG-SC-003-on-prem,OG-SC-003,Confidentiality of CUI in transit,on-prem,Partially implemented,03.13.08 03.13.15,"External traffic is TLS-terminated at the ingress with HSTS (1 year, includeSubDomains, preload), and the edge uplink has real mTLS with CA pinning, a TLS 1.2 floor and proof-of-possession request signing. PARTIAL because **in-cluster traffic is plaintext**: `sslmode` appears in no database URL, and Redpanda's internal listener, Redis, Qdrant and SeaweedFS are all unencrypted. Also honest about a live asymmetry the repo already documents — the production backend requires mTLS while the shipped edge-agent StatefulSet leaves `EDGE_REQUIRE_TLS` at a permissive default.",platform-infra,hamad,2027-02-28
OG-SC-004-air-gapped,OG-SC-004,Confidentiality of CUI at rest,air-gapped,Partially implemented,03.13.16,"RAISED absent -> partial (FS-749). The sharpest instance is closed: the edge store-and-forward buffer now encrypts payloads with AES-256-GCM under an HKDF-derived device key, so a gateway that is stolen, captured or returned as an RMA unit does not surrender up to 24 hours of readings to `strings buffer.db`. `BUFFER_ENCRYPTION_REQUIRED=true` refuses to start without a key rather than buffering CUI in the clear. Application-layer rather than SQLCipher on purpose — `cryptography` is already an agent dependency and cannot fail to build on an ARM gateway in the field, where a native extension can. The stated limits, which are asserted in tests rather than left implied: it defends the DISK, not a running process (an attacker with code execution reads the key file as the agent does), and metadata columns stay in the clear because the buffer orders and prunes by them. Still PARTIAL for the cloud side: nothing encrypts data at rest. The database storage class carries no encryption annotation and no KMS reference; there is no TDE and no column encryption outside the audit hash. Field-level encryption exists as a class (`ERPSecurityManager`) with **zero call sites**, so it protects nothing today. The finding that matters most is at the edge: the store-and-forward buffer is **unencrypted SQLite on the device**, so in a deployment where CUI telemetry is buffered during a comms outage it sits in cleartext on hardware that can be physically captured. That is the scenario the air-gapped and tactical profiles exist for, and it is the strongest argument for SQLCipher on the buffer ahead of the cloud-side work.",platform-infra,hamad,2027-02-28
OG-SC-004-commercial-cloud,OG-SC-004,Confidentiality of CUI at rest,commercial-cloud,Partially implemented,03.13.16,"RAISED absent -> partial (FS-749). The sharpest instance is closed: the edge store-and-forward buffer now encrypts payloads with AES-256-GCM under an HKDF-derived device key, so a gateway that is stolen, captured or returned as an RMA unit does not surrender up to 24 hours of readings to `strings buffer.db`. `BUFFER_ENCRYPTION_REQUIRED=true` refuses to start without a key rather than buffering CUI in the clear. Application-layer rather than SQLCipher on purpose — `cryptography` is already an agent dependency and cannot fail to build on an ARM gateway in the field, where a native extension can. The stated limits, which are asserted in tests rather than left implied: it defends the DISK, not a running process (an attacker with code execution reads the key file as the agent does), and metadata columns stay in the clear because the buffer orders and prunes by them. Still PARTIAL for the cloud side: nothing encrypts data at rest. The database storage class carries no encryption annotation and no KMS reference; there is no TDE and no column encryption outside the audit hash. Field-level encryption exists as a class (`ERPSecurityManager`) with **zero call sites**, so it protects nothing today. The finding that matters most is at the edge: the store-and-forward buffer is **unencrypted SQLite on the device**, so in a deployment where CUI telemetry is buffered during a comms outage it sits in cleartext on hardware that can be physically captured. That is the scenario the air-gapped and tactical profiles exist for, and it is the strongest argument for SQLCipher on the buffer ahead of the cloud-side work.",platform-infra,hamad,2027-02-28
OG-SC-004-gov-cloud,OG-SC-004,Confidentiality of CUI at rest,gov-cloud,Partially implemented,03.13.16,"RAISED absent -> partial (FS-749). The sharpest instance is closed: the edge store-and-forward buffer now encrypts payloads with AES-256-GCM under an HKDF-derived device key, so a gateway that is stolen, captured or returned as an RMA unit does not surrender up to 24 hours of readings to `strings buffer.db`. `BUFFER_ENCRYPTION_REQUIRED=true` refuses to start without a key rather than buffering CUI in the clear. Application-layer rather than SQLCipher on purpose — `cryptography` is already an agent dependency and cannot fail to build on an ARM gateway in the field, where a native extension can. The stated limits, which are asserted in tests rather than left implied: it defends the DISK, not a running process (an attacker with code execution reads the key file as the agent does), and metadata columns stay in the clear because the buffer orders and prunes by them. Still PARTIAL for the cloud side: nothing encrypts data at rest. The database storage class carries no encryption annotation and no KMS reference; there is no TDE and no column encryption outside the audit hash. Field-level encryption exists as a class (`ERPSecurityManager`) with **zero call sites**, so it protects nothing today. The finding that matters most is at the edge: the store-and-forward buffer is **unencrypted SQLite on the device**, so in a deployment where CUI telemetry is buffered during a comms outage it sits in cleartext on hardware that can be physically captured. That is the scenario the air-gapped and tactical profiles exist for, and it is the strongest argument for SQLCipher on the buffer ahead of the cloud-side work.",platform-infra,hamad,2027-02-28
OG-SC-004-on-prem,OG-SC-004,Confidentiality of CUI at rest,on-prem,Partially implemented,03.13.16,"RAISED absent -> partial (FS-749). The sharpest instance is closed: the edge store-and-forward buffer now encrypts payloads with AES-256-GCM under an HKDF-derived device key, so a gateway that is stolen, captured or returned as an RMA unit does not surrender up to 24 hours of readings to `strings buffer.db`. `BUFFER_ENCRYPTION_REQUIRED=true` refuses to start without a key rather than buffering CUI in the clear. Application-layer rather than SQLCipher on purpose — `cryptography` is already an agent dependency and cannot fail to build on an ARM gateway in the field, where a native extension can. The stated limits, which are asserted in tests rather than left implied: it defends the DISK, not a running process (an attacker with code execution reads the key file as the agent does), and metadata columns stay in the clear because the buffer orders and prunes by them. Still PARTIAL for the cloud side: nothing encrypts data at rest. The database storage class carries no encryption annotation and no KMS reference; there is no TDE and no column encryption outside the audit hash. Field-level encryption exists as a class (`ERPSecurityManager`) with **zero call sites**, so it protects nothing today. The finding that matters most is at the edge: the store-and-forward buffer is **unencrypted SQLite on the device**, so in a deployment where CUI telemetry is buffered during a comms outage it sits in cleartext on hardware that can be physically captured. That is the scenario the air-gapped and tactical profiles exist for, and it is the strongest argument for SQLCipher on the buffer ahead of the cloud-side work.",platform-infra,hamad,2027-02-28
OG-SC-005-air-gapped,OG-SC-005,Cryptographic keys are established and managed,air-gapped,Partially implemented,03.13.10,"There is real key management for device PKI — an internal CA issuing 30-day certificates with expiry alerting — and OTA artifacts are Ed25519-signed. PARTIAL for the application's own keys: `JWT_SECRET_KEY` is a single symmetric secret with no `kid`, no key ring and no rotation path, so rotating it invalidates every live session at once. Kubernetes offers two complete secret-provisioning paths (Sealed Secrets, External Secrets) and **neither is referenced by any kustomization or workflow**, so provisioning is an undocumented manual act per environment.",platform-security,hamad,2027-02-28
OG-SC-005-commercial-cloud,OG-SC-005,Cryptographic keys are established and managed,commercial-cloud,Partially implemented,03.13.10,"There is real key management for device PKI — an internal CA issuing 30-day certificates with expiry alerting — and OTA artifacts are Ed25519-signed. PARTIAL for the application's own keys: `JWT_SECRET_KEY` is a single symmetric secret with no `kid`, no key ring and no rotation path, so rotating it invalidates every live session at once. Kubernetes offers two complete secret-provisioning paths (Sealed Secrets, External Secrets) and **neither is referenced by any kustomization or workflow**, so provisioning is an undocumented manual act per environment.",platform-security,hamad,2027-02-28
OG-SC-005-gov-cloud,OG-SC-005,Cryptographic keys are established and managed,gov-cloud,Partially implemented,03.13.10,"There is real key management for device PKI — an internal CA issuing 30-day certificates with expiry alerting — and OTA artifacts are Ed25519-signed. PARTIAL for the application's own keys: `JWT_SECRET_KEY` is a single symmetric secret with no `kid`, no key ring and no rotation path, so rotating it invalidates every live session at once. Kubernetes offers two complete secret-provisioning paths (Sealed Secrets, External Secrets) and **neither is referenced by any kustomization or workflow**, so provisioning is an undocumented manual act per environment.",platform-security,hamad,2027-02-28
OG-SC-005-on-prem,OG-SC-005,Cryptographic keys are established and managed,on-prem,Partially implemented,03.13.10,"There is real key management for device PKI — an internal CA issuing 30-day certificates with expiry alerting — and OTA artifacts are Ed25519-signed. PARTIAL for the application's own keys: `JWT_SECRET_KEY` is a single symmetric secret with no `kid`, no key ring and no rotation path, so rotating it invalidates every live session at once. Kubernetes offers two complete secret-provisioning paths (Sealed Secrets, External Secrets) and **neither is referenced by any kustomization or workflow**, so provisioning is an undocumented manual act per environment.",platform-security,hamad,2027-02-28
OG-SI-002-air-gapped,OG-SI-002,Protection from malicious code,air-gapped,Partially implemented,03.14.02 03.14.04 03.14.05,"There is no anti-malware product, and adding one to an immutable read-only-rootfs container would be theatre. What genuinely applies is here and is unusually specific, because this repository was actually attacked: after the 2026-08-15 supply-chain compromise put an obfuscated blockchain-C2 dropper in `frontend/postcss.config.js`, a guard now fails the build if any frontend build config gains the ability to spawn a process or open a socket, and a second guard requires every `.gitignore` entry to explain what it hides — because the same commit added three bare filenames there to keep the attacker's tooling out of `git status`. Trivy scans images and filesystems for known malicious and vulnerable content on every run. PARTIAL because the boundary argument — why signature-based AV is not the right control for this architecture — is not written down, and an assessor will not accept it as folklore.",security-operations,unassigned,2027-02-28
OG-SI-002-commercial-cloud,OG-SI-002,Protection from malicious code,commercial-cloud,Partially implemented,03.14.02 03.14.04 03.14.05,"There is no anti-malware product, and adding one to an immutable read-only-rootfs container would be theatre. What genuinely applies is here and is unusually specific, because this repository was actually attacked: after the 2026-08-15 supply-chain compromise put an obfuscated blockchain-C2 dropper in `frontend/postcss.config.js`, a guard now fails the build if any frontend build config gains the ability to spawn a process or open a socket, and a second guard requires every `.gitignore` entry to explain what it hides — because the same commit added three bare filenames there to keep the attacker's tooling out of `git status`. Trivy scans images and filesystems for known malicious and vulnerable content on every run. PARTIAL because the boundary argument — why signature-based AV is not the right control for this architecture — is not written down, and an assessor will not accept it as folklore.",security-operations,unassigned,2027-02-28
OG-SI-002-gov-cloud,OG-SI-002,Protection from malicious code,gov-cloud,Partially implemented,03.14.02 03.14.04 03.14.05,"There is no anti-malware product, and adding one to an immutable read-only-rootfs container would be theatre. What genuinely applies is here and is unusually specific, because this repository was actually attacked: after the 2026-08-15 supply-chain compromise put an obfuscated blockchain-C2 dropper in `frontend/postcss.config.js`, a guard now fails the build if any frontend build config gains the ability to spawn a process or open a socket, and a second guard requires every `.gitignore` entry to explain what it hides — because the same commit added three bare filenames there to keep the attacker's tooling out of `git status`. Trivy scans images and filesystems for known malicious and vulnerable content on every run. PARTIAL because the boundary argument — why signature-based AV is not the right control for this architecture — is not written down, and an assessor will not accept it as folklore.",security-operations,unassigned,2027-02-28
OG-SI-002-on-prem,OG-SI-002,Protection from malicious code,on-prem,Partially implemented,03.14.02 03.14.04 03.14.05,"There is no anti-malware product, and adding one to an immutable read-only-rootfs container would be theatre. What genuinely applies is here and is unusually specific, because this repository was actually attacked: after the 2026-08-15 supply-chain compromise put an obfuscated blockchain-C2 dropper in `frontend/postcss.config.js`, a guard now fails the build if any frontend build config gains the ability to spawn a process or open a socket, and a second guard requires every `.gitignore` entry to explain what it hides — because the same commit added three bare filenames there to keep the attacker's tooling out of `git status`. Trivy scans images and filesystems for known malicious and vulnerable content on every run. PARTIAL because the boundary argument — why signature-based AV is not the right control for this architecture — is not written down, and an assessor will not accept it as folklore.",security-operations,unassigned,2027-02-28
OG-SI-003-air-gapped,OG-SI-003,Security alerts and advisories are monitored and acted upon,air-gapped,Partially implemented,03.14.03,"~57 alert rules including `AuthBruteForceSuspected`, `AuthFailureRatioHigh`, `AuditWriteFailing` and `EdgeAgentCertExpiryApproaching`, routed by severity to PagerDuty and Slack — and the rules are unit-tested with promtool rather than merely written, which is rarer than it should be. PARTIAL on the advisory half: nothing subscribes to vendor or CISA advisories, and there is no defined path from an advisory to an action.",security-operations,unassigned,2027-02-28
OG-SI-003-commercial-cloud,OG-SI-003,Security alerts and advisories are monitored and acted upon,commercial-cloud,Partially implemented,03.14.03,"~57 alert rules including `AuthBruteForceSuspected`, `AuthFailureRatioHigh`, `AuditWriteFailing` and `EdgeAgentCertExpiryApproaching`, routed by severity to PagerDuty and Slack — and the rules are unit-tested with promtool rather than merely written, which is rarer than it should be. PARTIAL on the advisory half: nothing subscribes to vendor or CISA advisories, and there is no defined path from an advisory to an action.",security-operations,unassigned,2027-02-28
OG-SI-003-gov-cloud,OG-SI-003,Security alerts and advisories are monitored and acted upon,gov-cloud,Partially implemented,03.14.03,"~57 alert rules including `AuthBruteForceSuspected`, `AuthFailureRatioHigh`, `AuditWriteFailing` and `EdgeAgentCertExpiryApproaching`, routed by severity to PagerDuty and Slack — and the rules are unit-tested with promtool rather than merely written, which is rarer than it should be. PARTIAL on the advisory half: nothing subscribes to vendor or CISA advisories, and there is no defined path from an advisory to an action.",security-operations,unassigned,2027-02-28
OG-SI-003-on-prem,OG-SI-003,Security alerts and advisories are monitored and acted upon,on-prem,Partially implemented,03.14.03,"~57 alert rules including `AuthBruteForceSuspected`, `AuthFailureRatioHigh`, `AuditWriteFailing` and `EdgeAgentCertExpiryApproaching`, routed by severity to PagerDuty and Slack — and the rules are unit-tested with promtool rather than merely written, which is rarer than it should be. PARTIAL on the advisory half: nothing subscribes to vendor or CISA advisories, and there is no defined path from an advisory to an action.",security-operations,unassigned,2027-02-28
OG-SI-004-air-gapped,OG-SI-004,Systems are monitored to detect attacks and unauthorised use,air-gapped,Not implemented,03.14.06 03.14.07,"Authentication anomalies are alerted on and every request carries a correlation id into structured logs. Three real gaps: there is **no IDS/IPS** (the deleted SOC 2 document claimed one), **log aggregation is not deployed to Kubernetes** — Loki exists in docker-compose only, so in a cluster the logs are whatever the node keeps — and there is no SIEM, so nothing correlates across components. `air-gapped` is `absent` rather than `partial`: with no uplink, alerts reach a Prometheus that nobody is scraping, which is the same problem the DDIL workstream records for local alarms.",security-operations,unassigned,2027-02-28
OG-SI-004-commercial-cloud,OG-SI-004,Systems are monitored to detect attacks and unauthorised use,commercial-cloud,Partially implemented,03.14.06 03.14.07,"Authentication anomalies are alerted on and every request carries a correlation id into structured logs. Three real gaps: there is **no IDS/IPS** (the deleted SOC 2 document claimed one), **log aggregation is not deployed to Kubernetes** — Loki exists in docker-compose only, so in a cluster the logs are whatever the node keeps — and there is no SIEM, so nothing correlates across components. `air-gapped` is `absent` rather than `partial`: with no uplink, alerts reach a Prometheus that nobody is scraping, which is the same problem the DDIL workstream records for local alarms.",security-operations,unassigned,2027-02-28
OG-SI-004-gov-cloud,OG-SI-004,Systems are monitored to detect attacks and unauthorised use,gov-cloud,Partially implemented,03.14.06 03.14.07,"Authentication anomalies are alerted on and every request carries a correlation id into structured logs. Three real gaps: there is **no IDS/IPS** (the deleted SOC 2 document claimed one), **log aggregation is not deployed to Kubernetes** — Loki exists in docker-compose only, so in a cluster the logs are whatever the node keeps — and there is no SIEM, so nothing correlates across components. `air-gapped` is `absent` rather than `partial`: with no uplink, alerts reach a Prometheus that nobody is scraping, which is the same problem the DDIL workstream records for local alarms.",security-operations,unassigned,2027-02-28
OG-SI-004-on-prem,OG-SI-004,Systems are monitored to detect attacks and unauthorised use,on-prem,Partially implemented,03.14.06 03.14.07,"Authentication anomalies are alerted on and every request carries a correlation id into structured logs. Three real gaps: there is **no IDS/IPS** (the deleted SOC 2 document claimed one), **log aggregation is not deployed to Kubernetes** — Loki exists in docker-compose only, so in a cluster the logs are whatever the node keeps — and there is no SIEM, so nothing correlates across components. `air-gapped` is `absent` rather than `partial`: with no uplink, alerts reach a Prometheus that nobody is scraping, which is the same problem the DDIL workstream records for local alarms.",security-operations,unassigned,2027-02-28
OG-AC-007-air-gapped,OG-AC-007,"Separation of duties, and use of non-privileged accounts for non-security functions",air-gapped,Not implemented,03.01.04 03.01.06,"Three roles with no duty-separation matrix: an admin both grants access and reviews the audit log of that grant. There is also no second, non-privileged account model — an admin operates as an admin for ordinary work. Part organizational (defining which duties must not combine) and part code (enforcing it), so it is `absent` rather than `organizational` — the code half is real work, not a policy statement.",organisation,unassigned,2027-03-31
OG-AC-007-commercial-cloud,OG-AC-007,"Separation of duties, and use of non-privileged accounts for non-security functions",commercial-cloud,Not implemented,03.01.04 03.01.06,"Three roles with no duty-separation matrix: an admin both grants access and reviews the audit log of that grant. There is also no second, non-privileged account model — an admin operates as an admin for ordinary work. Part organizational (defining which duties must not combine) and part code (enforcing it), so it is `absent` rather than `organizational` — the code half is real work, not a policy statement.",organisation,unassigned,2027-03-31
OG-AC-007-gov-cloud,OG-AC-007,"Separation of duties, and use of non-privileged accounts for non-security functions",gov-cloud,Not implemented,03.01.04 03.01.06,"Three roles with no duty-separation matrix: an admin both grants access and reviews the audit log of that grant. There is also no second, non-privileged account model — an admin operates as an admin for ordinary work. Part organizational (defining which duties must not combine) and part code (enforcing it), so it is `absent` rather than `organizational` — the code half is real work, not a policy statement.",organisation,unassigned,2027-03-31
OG-AC-007-on-prem,OG-AC-007,"Separation of duties, and use of non-privileged accounts for non-security functions",on-prem,Not implemented,03.01.04 03.01.06,"Three roles with no duty-separation matrix: an admin both grants access and reviews the audit log of that grant. There is also no second, non-privileged account model — an admin operates as an admin for ordinary work. Part organizational (defining which duties must not combine) and part code (enforcing it), so it is `absent` rather than `organizational` — the code half is real work, not a policy statement.",organisation,unassigned,2027-03-31
OG-AC-010-air-gapped,OG-AC-010,"CUI on publicly accessible systems, and CUI-specific flow control",air-gapped,Not implemented,03.01.09 03.01.22,"There is no CUI marking, no CUI-aware flow control, and no privacy/security notice at logon. This is downstream of a decision nobody has made yet: whether CUI enters this system at all, and if so which fields carry it. Until the boundary is defined these practices cannot be designed, let alone implemented — recorded here so the dependency is visible rather than discovered during an assessment.",organisation,unassigned,2027-03-31
OG-AC-010-commercial-cloud,OG-AC-010,"CUI on publicly accessible systems, and CUI-specific flow control",commercial-cloud,Not implemented,03.01.09 03.01.22,"There is no CUI marking, no CUI-aware flow control, and no privacy/security notice at logon. This is downstream of a decision nobody has made yet: whether CUI enters this system at all, and if so which fields carry it. Until the boundary is defined these practices cannot be designed, let alone implemented — recorded here so the dependency is visible rather than discovered during an assessment.",organisation,unassigned,2027-03-31
OG-AC-010-gov-cloud,OG-AC-010,"CUI on publicly accessible systems, and CUI-specific flow control",gov-cloud,Not implemented,03.01.09 03.01.22,"There is no CUI marking, no CUI-aware flow control, and no privacy/security notice at logon. This is downstream of a decision nobody has made yet: whether CUI enters this system at all, and if so which fields carry it. Until the boundary is defined these practices cannot be designed, let alone implemented — recorded here so the dependency is visible rather than discovered during an assessment.",organisation,unassigned,2027-03-31
OG-AC-010-on-prem,OG-AC-010,"CUI on publicly accessible systems, and CUI-specific flow control",on-prem,Not implemented,03.01.09 03.01.22,"There is no CUI marking, no CUI-aware flow control, and no privacy/security notice at logon. This is downstream of a decision nobody has made yet: whether CUI enters this system at all, and if so which fields carry it. Until the boundary is defined these practices cannot be designed, let alone implemented — recorded here so the dependency is visible rather than discovered during an assessment.",organisation,unassigned,2027-03-31
OG-SC-002-air-gapped,OG-SC-002,FIPS-validated cryptography is used to protect CUI,air-gapped,Partially implemented,03.13.11,"THE THIRD DELTA IS CLOSED IN THE REPOSITORY AND NOT IN THE DEPLOYMENT (FS-761), and the distinction is the whole reason this stays `partial` rather than moving to `implemented`. All three application images are now UBI9 — backend, edge agent, and the frontend's node build plus its TLS-terminating nginx runtime, since musl has no validated OpenSSL — and all three were built and run rather than only written. `REQUIRE_FIPS_MODE` probes at startup whether this process actually REFUSES an unapproved algorithm, and refuses to serve when it cannot prove it. What is NOT closed is the part a repository cannot close. Measured on a freshly pulled ubi9/python-311: providers `default`, no kernel flag, MD5 available. A container inherits the host kernel's FIPS state, so the identical image is enforcing on a node booted with `fips=1` and permissive on the node beside it. Moving to `implemented` needs FIPS-enabled nodes and the runtime probe passing on them, with the output in the evidence bundle. Two further gaps are stated rather than left silent: the infrastructure images (Redis, PostgreSQL) are not UBI, and the edge agent's UBI build has no `tesseract` — EPEL9 does not carry it for aarch64 — so the two OCR screen-scraper collectors are unavailable there and degrade to disabled. RAISED absent -> partial (FS-748). Two of the three deltas are closed: passwords moved to PBKDF2-HMAC-SHA256 with dual-read migration, and ERP field encryption moved from Fernet (AES-128-CBC, keyed by a bare unsalted SHA-256 — the actual defect) to AES-256-GCM with an HKDF-SHA256-derived per-organisation key. `app/core/secrets.py` was deleted rather than ported: unreachable code whose cipher is not approved is a trap for whoever wires it up next. A guard now fails the build if application code imports passlib, bcrypt or Fernet, or constructs an unapproved hash, cipher or curve. Still PARTIAL for the third delta — the base image. `python:3.11-slim` has no FIPS-validated OpenSSL, so backend, frontend and nginx images must move to UBI9, and a UBI image with FIPS mode OFF looks identical to one with it on, which needs a runtime assertion rather than a static check. The scope was measured before any of it was planned, and most of the inventory was already fine: Ed25519 OTA signing, EC P-256/SHA-256 X.509, HS256 JWTs (HMAC-SHA-256 IS approved — the JWT work is key rotation, a different concern), SHA-256 digests of high-entropy random tokens, and no MD5 or SHA-1 anywhere. Measuring first is what turned ""FIPS is absent, everything must change"" into three specific deltas.",platform-security,hamad,2027-03-31
OG-SC-002-commercial-cloud,OG-SC-002,FIPS-validated cryptography is used to protect CUI,commercial-cloud,Partially implemented,03.13.11,"THE THIRD DELTA IS CLOSED IN THE REPOSITORY AND NOT IN THE DEPLOYMENT (FS-761), and the distinction is the whole reason this stays `partial` rather than moving to `implemented`. All three application images are now UBI9 — backend, edge agent, and the frontend's node build plus its TLS-terminating nginx runtime, since musl has no validated OpenSSL — and all three were built and run rather than only written. `REQUIRE_FIPS_MODE` probes at startup whether this process actually REFUSES an unapproved algorithm, and refuses to serve when it cannot prove it. What is NOT closed is the part a repository cannot close. Measured on a freshly pulled ubi9/python-311: providers `default`, no kernel flag, MD5 available. A container inherits the host kernel's FIPS state, so the identical image is enforcing on a node booted with `fips=1` and permissive on the node beside it. Moving to `implemented` needs FIPS-enabled nodes and the runtime probe passing on them, with the output in the evidence bundle. Two further gaps are stated rather than left silent: the infrastructure images (Redis, PostgreSQL) are not UBI, and the edge agent's UBI build has no `tesseract` — EPEL9 does not carry it for aarch64 — so the two OCR screen-scraper collectors are unavailable there and degrade to disabled. RAISED absent -> partial (FS-748). Two of the three deltas are closed: passwords moved to PBKDF2-HMAC-SHA256 with dual-read migration, and ERP field encryption moved from Fernet (AES-128-CBC, keyed by a bare unsalted SHA-256 — the actual defect) to AES-256-GCM with an HKDF-SHA256-derived per-organisation key. `app/core/secrets.py` was deleted rather than ported: unreachable code whose cipher is not approved is a trap for whoever wires it up next. A guard now fails the build if application code imports passlib, bcrypt or Fernet, or constructs an unapproved hash, cipher or curve. Still PARTIAL for the third delta — the base image. `python:3.11-slim` has no FIPS-validated OpenSSL, so backend, frontend and nginx images must move to UBI9, and a UBI image with FIPS mode OFF looks identical to one with it on, which needs a runtime assertion rather than a static check. The scope was measured before any of it was planned, and most of the inventory was already fine: Ed25519 OTA signing, EC P-256/SHA-256 X.509, HS256 JWTs (HMAC-SHA-256 IS approved — the JWT work is key rotation, a different concern), SHA-256 digests of high-entropy random tokens, and no MD5 or SHA-1 anywhere. Measuring first is what turned ""FIPS is absent, everything must change"" into three specific deltas.",platform-security,hamad,2027-03-31
OG-SC-002-gov-cloud,OG-SC-002,FIPS-validated cryptography is used to protect CUI,gov-cloud,Partially implemented,03.13.11,"THE THIRD DELTA IS CLOSED IN THE REPOSITORY AND NOT IN THE DEPLOYMENT (FS-761), and the distinction is the whole reason this stays `partial` rather than moving to `implemented`. All three application images are now UBI9 — backend, edge agent, and the frontend's node build plus its TLS-terminating nginx runtime, since musl has no validated OpenSSL — and all three were built and run rather than only written. `REQUIRE_FIPS_MODE` probes at startup whether this process actually REFUSES an unapproved algorithm, and refuses to serve when it cannot prove it. What is NOT closed is the part a repository cannot close. Measured on a freshly pulled ubi9/python-311: providers `default`, no kernel flag, MD5 available. A container inherits the host kernel's FIPS state, so the identical image is enforcing on a node booted with `fips=1` and permissive on the node beside it. Moving to `implemented` needs FIPS-enabled nodes and the runtime probe passing on them, with the output in the evidence bundle. Two further gaps are stated rather than left silent: the infrastructure images (Redis, PostgreSQL) are not UBI, and the edge agent's UBI build has no `tesseract` — EPEL9 does not carry it for aarch64 — so the two OCR screen-scraper collectors are unavailable there and degrade to disabled. RAISED absent -> partial (FS-748). Two of the three deltas are closed: passwords moved to PBKDF2-HMAC-SHA256 with dual-read migration, and ERP field encryption moved from Fernet (AES-128-CBC, keyed by a bare unsalted SHA-256 — the actual defect) to AES-256-GCM with an HKDF-SHA256-derived per-organisation key. `app/core/secrets.py` was deleted rather than ported: unreachable code whose cipher is not approved is a trap for whoever wires it up next. A guard now fails the build if application code imports passlib, bcrypt or Fernet, or constructs an unapproved hash, cipher or curve. Still PARTIAL for the third delta — the base image. `python:3.11-slim` has no FIPS-validated OpenSSL, so backend, frontend and nginx images must move to UBI9, and a UBI image with FIPS mode OFF looks identical to one with it on, which needs a runtime assertion rather than a static check. The scope was measured before any of it was planned, and most of the inventory was already fine: Ed25519 OTA signing, EC P-256/SHA-256 X.509, HS256 JWTs (HMAC-SHA-256 IS approved — the JWT work is key rotation, a different concern), SHA-256 digests of high-entropy random tokens, and no MD5 or SHA-1 anywhere. Measuring first is what turned ""FIPS is absent, everything must change"" into three specific deltas.",platform-security,hamad,2027-03-31
OG-SC-002-on-prem,OG-SC-002,FIPS-validated cryptography is used to protect CUI,on-prem,Partially implemented,03.13.11,"THE THIRD DELTA IS CLOSED IN THE REPOSITORY AND NOT IN THE DEPLOYMENT (FS-761), and the distinction is the whole reason this stays `partial` rather than moving to `implemented`. All three application images are now UBI9 — backend, edge agent, and the frontend's node build plus its TLS-terminating nginx runtime, since musl has no validated OpenSSL — and all three were built and run rather than only written. `REQUIRE_FIPS_MODE` probes at startup whether this process actually REFUSES an unapproved algorithm, and refuses to serve when it cannot prove it. What is NOT closed is the part a repository cannot close. Measured on a freshly pulled ubi9/python-311: providers `default`, no kernel flag, MD5 available. A container inherits the host kernel's FIPS state, so the identical image is enforcing on a node booted with `fips=1` and permissive on the node beside it. Moving to `implemented` needs FIPS-enabled nodes and the runtime probe passing on them, with the output in the evidence bundle. Two further gaps are stated rather than left silent: the infrastructure images (Redis, PostgreSQL) are not UBI, and the edge agent's UBI build has no `tesseract` — EPEL9 does not carry it for aarch64 — so the two OCR screen-scraper collectors are unavailable there and degrade to disabled. RAISED absent -> partial (FS-748). Two of the three deltas are closed: passwords moved to PBKDF2-HMAC-SHA256 with dual-read migration, and ERP field encryption moved from Fernet (AES-128-CBC, keyed by a bare unsalted SHA-256 — the actual defect) to AES-256-GCM with an HKDF-SHA256-derived per-organisation key. `app/core/secrets.py` was deleted rather than ported: unreachable code whose cipher is not approved is a trap for whoever wires it up next. A guard now fails the build if application code imports passlib, bcrypt or Fernet, or constructs an unapproved hash, cipher or curve. Still PARTIAL for the third delta — the base image. `python:3.11-slim` has no FIPS-validated OpenSSL, so backend, frontend and nginx images must move to UBI9, and a UBI image with FIPS mode OFF looks identical to one with it on, which needs a runtime assertion rather than a static check. The scope was measured before any of it was planned, and most of the inventory was already fine: Ed25519 OTA signing, EC P-256/SHA-256 X.509, HS256 JWTs (HMAC-SHA-256 IS approved — the JWT work is key rotation, a different concern), SHA-256 digests of high-entropy random tokens, and no MD5 or SHA-1 anywhere. Measuring first is what turned ""FIPS is absent, everything must change"" into three specific deltas.",platform-security,hamad,2027-03-31
OG-SC-006-air-gapped,OG-SC-006,User functionality is separated from system management functionality,air-gapped,Partially implemented,03.13.03 03.13.04,"Administrative routes are gated by role and admin surfaces are separate paths, but they share one application, one process and one origin with user functionality — separation is by authorisation, not by architecture. Resource isolation between tenants is strong (RLS); resource isolation between privilege levels is not a thing this design has.",platform-security,hamad,2027-03-31
OG-SC-006-commercial-cloud,OG-SC-006,User functionality is separated from system management functionality,commercial-cloud,Partially implemented,03.13.03 03.13.04,"Administrative routes are gated by role and admin surfaces are separate paths, but they share one application, one process and one origin with user functionality — separation is by authorisation, not by architecture. Resource isolation between tenants is strong (RLS); resource isolation between privilege levels is not a thing this design has.",platform-security,hamad,2027-03-31
OG-SC-006-gov-cloud,OG-SC-006,User functionality is separated from system management functionality,gov-cloud,Partially implemented,03.13.03 03.13.04,"Administrative routes are gated by role and admin surfaces are separate paths, but they share one application, one process and one origin with user functionality — separation is by authorisation, not by architecture. Resource isolation between tenants is strong (RLS); resource isolation between privilege levels is not a thing this design has.",platform-security,hamad,2027-03-31
OG-SC-006-on-prem,OG-SC-006,User functionality is separated from system management functionality,on-prem,Partially implemented,03.13.03 03.13.04,"Administrative routes are gated by role and admin surfaces are separate paths, but they share one application, one process and one origin with user functionality — separation is by authorisation, not by architecture. Resource isolation between tenants is strong (RLS); resource isolation between privilege levels is not a thing this design has.",platform-security,hamad,2027-03-31
OG-SC-008-air-gapped,OG-SC-008,"Mobile code, collaborative computing devices and VoIP",air-gapped,Partially implemented,03.13.12 03.13.13 03.13.14,"Mobile code is controlled by a Content-Security-Policy — which still permits `unsafe-inline` and `unsafe-eval` for the Swagger UI, and that exception should be scoped to the docs route rather than applied globally. The build-config guard is genuine mobile-code control of a different kind: after the 2026-08-15 supply-chain compromise put an obfuscated dropper in `postcss.config.js`, no frontend build config may gain the ability to spawn a process or open a socket. There are no collaborative computing devices and no VoIP in this system; that is an argument to record in the boundary document, not a control to build.",platform-security,hamad,2027-03-31
OG-SC-008-commercial-cloud,OG-SC-008,"Mobile code, collaborative computing devices and VoIP",commercial-cloud,Partially implemented,03.13.12 03.13.13 03.13.14,"Mobile code is controlled by a Content-Security-Policy — which still permits `unsafe-inline` and `unsafe-eval` for the Swagger UI, and that exception should be scoped to the docs route rather than applied globally. The build-config guard is genuine mobile-code control of a different kind: after the 2026-08-15 supply-chain compromise put an obfuscated dropper in `postcss.config.js`, no frontend build config may gain the ability to spawn a process or open a socket. There are no collaborative computing devices and no VoIP in this system; that is an argument to record in the boundary document, not a control to build.",platform-security,hamad,2027-03-31
OG-SC-008-gov-cloud,OG-SC-008,"Mobile code, collaborative computing devices and VoIP",gov-cloud,Partially implemented,03.13.12 03.13.13 03.13.14,"Mobile code is controlled by a Content-Security-Policy — which still permits `unsafe-inline` and `unsafe-eval` for the Swagger UI, and that exception should be scoped to the docs route rather than applied globally. The build-config guard is genuine mobile-code control of a different kind: after the 2026-08-15 supply-chain compromise put an obfuscated dropper in `postcss.config.js`, no frontend build config may gain the ability to spawn a process or open a socket. There are no collaborative computing devices and no VoIP in this system; that is an argument to record in the boundary document, not a control to build.",platform-security,hamad,2027-03-31
OG-SC-008-on-prem,OG-SC-008,"Mobile code, collaborative computing devices and VoIP",on-prem,Partially implemented,03.13.12 03.13.13 03.13.14,"Mobile code is controlled by a Content-Security-Policy — which still permits `unsafe-inline` and `unsafe-eval` for the Swagger UI, and that exception should be scoped to the docs route rather than applied globally. The build-config guard is genuine mobile-code control of a different kind: after the 2026-08-15 supply-chain compromise put an obfuscated dropper in `postcss.config.js`, no frontend build config may gain the ability to spawn a process or open a socket. There are no collaborative computing devices and no VoIP in this system; that is an argument to record in the boundary document, not a control to build.",platform-security,hamad,2027-03-31
OG-SC-009-air-gapped,OG-SC-009,Architectural and engineering principles promote effective information security,air-gapped,Partially implemented,03.13.02,"Unusually well evidenced for this practice: 250 numbered method rules, each written after a specific defect and indexed by a guard, plus architectural invariants enforced as tests rather than as review conventions (no SQL string interpolation, no naive UTC, no handler taking its tenant from the body). PARTIAL because there is no threat model or data-flow trust-boundary document — the practice asks for security engineering principles applied to a described architecture, and the description is the missing half.",platform-security,hamad,2027-03-31
OG-SC-009-commercial-cloud,OG-SC-009,Architectural and engineering principles promote effective information security,commercial-cloud,Partially implemented,03.13.02,"Unusually well evidenced for this practice: 250 numbered method rules, each written after a specific defect and indexed by a guard, plus architectural invariants enforced as tests rather than as review conventions (no SQL string interpolation, no naive UTC, no handler taking its tenant from the body). PARTIAL because there is no threat model or data-flow trust-boundary document — the practice asks for security engineering principles applied to a described architecture, and the description is the missing half.",platform-security,hamad,2027-03-31
OG-SC-009-gov-cloud,OG-SC-009,Architectural and engineering principles promote effective information security,gov-cloud,Partially implemented,03.13.02,"Unusually well evidenced for this practice: 250 numbered method rules, each written after a specific defect and indexed by a guard, plus architectural invariants enforced as tests rather than as review conventions (no SQL string interpolation, no naive UTC, no handler taking its tenant from the body). PARTIAL because there is no threat model or data-flow trust-boundary document — the practice asks for security engineering principles applied to a described architecture, and the description is the missing half.",platform-security,hamad,2027-03-31
OG-SC-009-on-prem,OG-SC-009,Architectural and engineering principles promote effective information security,on-prem,Partially implemented,03.13.02,"Unusually well evidenced for this practice: 250 numbered method rules, each written after a specific defect and indexed by a guard, plus architectural invariants enforced as tests rather than as review conventions (no SQL string interpolation, no naive UTC, no handler taking its tenant from the body). PARTIAL because there is no threat model or data-flow trust-boundary document — the practice asks for security engineering principles applied to a described architecture, and the description is the missing half.",platform-security,hamad,2027-03-31
